sortie,phase,phase_index,start,end,mode,margin_lower_db,proof
T001,climb,0,480.0,538.1426440429696,direct,29.982830377148545,obstruction_bound
T001,cruise,1,538.1426440429696,742.3697837050222,direct,2.214414711067704,obstruction_bound
T001,descent,2,742.3697837050222,786.8980887587331,direct,2.214414711067704,obstruction_bound
T001,handoff,3,786.8980887587331,1182.8980887587331,direct,2.2210711303767283,obstruction_bound
T001,climb,4,1182.8980887587331,1218.5207328017004,direct,2.214414711067704,obstruction_bound
T001,cruise,5,1218.5207328017004,1422.747872463755,direct,2.214414711067704,obstruction_bound
T001,descent,6,1422.747872463755,1495.4261775174655,direct,29.982830377148545,obstruction_bound
T002,climb,0,390.0,470.2384989420573,direct,25.06911862942026,obstruction_bound
T002,cruise,1,470.2384989420573,682.3070932374986,direct,1.8735648914287992,obstruction_bound
T002,descent,2,682.3070932374986,703.7532919679674,direct,1.8735648914287992,obstruction_bound
T002,handoff,3,703.7532919679674,943.7532919679674,direct,1.882455330785504,obstruction_bound
T002,climb,4,943.7532919679674,961.625124243358,direct,1.8735648914287992,obstruction_bound
T002,cruise,5,961.625124243358,1173.6937185387992,direct,1.8735648914287992,obstruction_bound
T002,descent,6,1173.6937185387992,1269.9799172692678,direct,25.06911862942026,obstruction_bound
T003,climb,0,360.0,448.3506103515625,direct,24.16061612661366,obstruction_bound
T003,cruise,1,448.3506103515625,650.3797896265535,direct,4.20945790655729,obstruction_bound
T003,cruise,1,650.3797896265535,751.394379264049,direct,0.7122343239242781,obstruction_bound
T003,cruise,1,751.394379264049,852.4089689015445,relay,0.7190288162332621,clear_swept_triangle
T003,descent,2,852.4089689015445,868.8297013234195,relay,0.7190288162332621,clear_swept_triangle
T003,handoff,3,868.8297013234195,973.8297013234196,relay,0.7190288162332621,clear_swept_triangle
T003,handoff,3,973.8297013234196,1078.8297013234196,relay,0.7190288162332621,clear_swept_triangle
T003,climb,4,1078.8297013234196,1092.5136450083155,relay,0.7190288162332621,clear_swept_triangle
T003,cruise,5,1092.5136450083155,1193.528234645811,relay,0.7190288162332621,clear_swept_triangle
T003,cruise,5,1193.528234645811,1294.5428242833063,direct,0.7122343239213222,obstruction_bound
T003,cruise,5,1294.5428242833063,1496.5720035582974,direct,4.209457906556565,obstruction_bound
T003,descent,6,1496.5720035582974,1602.5927359801724,direct,24.16061612661366,obstruction_bound
T004,climb,0,480.0,538.1426440429696,direct,29.982830377148545,obstruction_bound
T004,cruise,1,538.1426440429696,742.3697837050222,direct,2.214414711067704,obstruction_bound
T004,descent,2,742.3697837050222,786.8980887587331,direct,2.214414711067704,obstruction_bound
T004,handoff,3,786.8980887587331,1182.8980887587331,direct,2.2210711303767283,obstruction_bound
T004,climb,4,1182.8980887587331,1218.5207328017004,direct,2.214414711067704,obstruction_bound
T004,cruise,5,1218.5207328017004,1422.747872463755,direct,2.214414711067704,obstruction_bound
T004,descent,6,1422.747872463755,1495.4261775174655,direct,29.982830377148545,obstruction_bound
T005,climb,0,1992.5927359801724,2047.769040098011,direct,28.686789494765065,obstruction_bound
T005,cruise,1,2047.769040098011,2286.213727128126,direct,2.8030470255403372,obstruction_bound
T005,cruise,1,2286.213727128126,2405.4360706431835,relay,0.30262641365843024,clear_swept_triangle
T005,cruise,1,2405.4360706431835,2524.6584141582407,relay,4.147504928681414,clear_swept_triangle
T005,descent,2,2524.6584141582407,2549.949979099647,relay,4.1374807070481125,clear_swept_triangle
T005,handoff,3,2549.949979099647,2639.949979099647,relay,4.1374807070481125,clear_swept_triangle
T005,handoff,3,2639.949979099647,2729.949979099647,relay,4.1374807070481125,clear_swept_triangle
T005,climb,4,2729.949979099647,2762.7121963034233,relay,4.1374807070481125,clear_swept_triangle
T005,cruise,5,2762.7121963034233,2834.832309399979,relay,2.709061938215271,clear_swept_triangle
T005,cruise,5,2834.832309399979,2906.9524224965353,relay,1.3935428790700968,clear_swept_triangle
T005,descent,6,2906.9524224965353,2950.4670831410663,relay,1.3848001158849712,clear_swept_triangle
T005,handoff,7,2950.4670831410663,3055.4670831410663,relay,1.3848001158849712,clear_swept_triangle
T005,handoff,7,3055.4670831410663,3160.4670831410663,relay,1.3848001158849712,clear_swept_triangle
T005,climb,8,3160.4670831410663,3191.03977601216,relay,1.3848001158849712,clear_swept_triangle
T005,cruise,9,3191.03977601216,3268.490486932046,relay,1.392408259289482,clear_swept_triangle
T005,cruise,9,3268.490486932046,3345.941197851933,relay,2.918445379831354,clear_swept_triangle
T005,cruise,9,3345.941197851933,3423.3919087718195,relay,4.690258046078867,clear_swept_triangle
T005,cruise,9,3423.3919087718195,3500.842619691706,relay,6.228209868327127,clear_swept_triangle
T005,cruise,9,3500.842619691706,3810.645463371252,direct,0.5319038152765074,obstruction_bound
T005,descent,10,3810.645463371252,3884.0526948165643,direct,27.67445965789763,obstruction_bound
T006,climb,0,360.0,459.796787516276,direct,23.02154674108874,obstruction_bound
T006,cruise,1,459.796787516276,768.065093438268,direct,0.5584845607324098,obstruction_bound
T006,cruise,1,768.065093438268,845.1321699187661,relay,0.7190288162332621,clear_swept_triangle
T006,cruise,1,845.1321699187661,922.199246399264,relay,0.7190288162332621,clear_swept_triangle
T006,cruise,1,922.199246399264,999.266322879762,relay,0.7190288162332621,clear_swept_triangle
T006,cruise,1,999.266322879762,1076.33339936026,relay,0.637934877767222,clear_swept_triangle
T006,descent,2,1076.33339936026,1135.2495443797914,relay,0.6259975025066637,clear_swept_triangle
T006,handoff,3,1135.2495443797914,1240.2495443797914,relay,0.6259975025066637,clear_swept_triangle
T006,handoff,3,1240.2495443797914,1345.2495443797914,relay,0.6259975025066637,clear_swept_triangle
T006,climb,4,1345.2495443797914,1394.3463318960673,relay,0.6259975025066637,clear_swept_triangle
T006,cruise,5,1394.3463318960673,1471.4134083765653,relay,0.637934877767222,clear_swept_triangle
T006,cruise,5,1471.4134083765653,1548.4804848570634,relay,0.7190288162332621,clear_swept_triangle
T006,cruise,5,1548.4804848570634,1625.5475613375613,relay,0.7190288162332621,clear_swept_triangle
T006,cruise,5,1625.5475613375613,1702.6146378180592,relay,0.7190288162332621,clear_swept_triangle
T006,cruise,5,1702.6146378180592,2010.8829437400514,direct,0.5584845607324098,obstruction_bound
T006,descent,6,2010.8829437400514,2130.6390887595826,direct,23.02154674108874,obstruction_bound
T007,climb,0,390.0,438.45220336914065,direct,29.982830377148545,obstruction_bound
T007,cruise,1,438.45220336914065,693.736127946707,direct,2.214414711067704,obstruction_bound
T007,descent,2,693.736127946707,729.3587719896758,direct,2.214414711067704,obstruction_bound
T007,handoff,3,729.3587719896758,969.3587719896758,direct,2.2210711303767283,obstruction_bound
T007,climb,4,969.3587719896758,999.0443086921498,direct,2.214414711067704,obstruction_bound
T007,cruise,5,999.0443086921498,1254.3282332697163,direct,2.214414711067704,obstruction_bound
T007,descent,6,1254.3282332697163,1312.470877312685,direct,29.982830377148545,obstruction_bound
T008,climb,0,390.0,492.6455118815104,direct,22.759839664518097,obstruction_bound
T008,cruise,1,492.6455118815104,651.9266219271027,direct,4.317880047245723,obstruction_bound
T008,cruise,1,651.9266219271027,731.5671769498988,direct,0.8308139457687957,obstruction_bound
T008,cruise,1,731.5671769498988,811.207731972695,relay,0.7190288162332621,clear_swept_triangle
T008,descent,2,811.207731972695,844.8223462305075,relay,0.7190288162332621,clear_swept_triangle
T008,handoff,3,844.8223462305075,964.8223462305075,relay,0.7190288162332621,clear_swept_triangle
T008,handoff,3,964.8223462305075,1084.8223462305075,relay,0.7190288162332621,clear_swept_triangle
T008,climb,4,1084.8223462305075,1112.8345247786847,relay,0.7190288162332621,clear_swept_triangle
T008,cruise,5,1112.8345247786847,1192.475079801481,relay,0.7190288162332621,clear_swept_triangle
T008,cruise,5,1192.475079801481,1272.115634824277,direct,0.8308139457687957,obstruction_bound
T008,cruise,5,1272.115634824277,1431.3967448698693,direct,4.317880047245723,obstruction_bound
T008,descent,6,1431.3967448698693,1554.5713591276817,direct,22.759839664518097,obstruction_bound
T009,climb,0,4485.919766504683,4630.621145899215,direct,19.603583756332725,obstruction_bound
T009,cruise,1,4630.621145899215,4933.165543438958,direct,0.6898448822127534,obstruction_bound
T009,cruise,1,4933.165543438958,5008.801642823894,relay,3.2873879035518314,obstruction_bound
T009,cruise,1,5008.801642823894,5084.43774220883,relay,5.685257009982124,clear_swept_triangle
T009,cruise,1,5084.43774220883,5160.073841593766,relay,5.685257009982124,clear_swept_triangle
T009,cruise,1,5160.073841593766,5235.7099409787015,relay,3.759217956756302,clear_swept_triangle
T009,descent,2,5235.7099409787015,5325.031596252139,relay,3.7247978112570053,clear_swept_triangle
T009,handoff,3,5325.031596252139,5430.031596252139,relay,3.7247978112570053,clear_swept_triangle
T009,handoff,3,5430.031596252139,5535.031596252139,relay,3.7247978112570053,clear_swept_triangle
T009,climb,4,5535.031596252139,5586.759379455264,relay,3.7247978112570053,clear_swept_triangle
T009,cruise,5,5586.759379455264,5695.690889868354,relay,3.7514579602329974,clear_swept_triangle
T009,cruise,5,5695.690889868354,5804.622400281445,relay,5.134749348861689,clear_swept_triangle
T009,descent,6,5804.622400281445,5812.295740125195,relay,5.547448135539639,clear_swept_triangle
T009,handoff,7,5812.295740125195,5902.295740125195,relay,5.547448135539639,clear_swept_triangle
T009,handoff,7,5902.295740125195,5992.295740125195,relay,5.547448135539639,clear_swept_triangle
T009,climb,8,5992.295740125195,6024.728825248893,relay,5.547448135539639,clear_swept_triangle
T009,cruise,9,6024.728825248893,6087.427842275927,relay,5.564581792113273,clear_swept_triangle
T009,cruise,9,6087.427842275927,6150.126859302962,relay,5.685257009982124,clear_swept_triangle
T009,cruise,9,6150.126859302962,6212.825876329996,relay,5.685257009982124,clear_swept_triangle
T009,cruise,9,6212.825876329996,6275.52489335703,direct,0.38247980482715604,obstruction_bound
T009,cruise,9,6275.52489335703,6526.320961465168,direct,2.290062803548011,obstruction_bound
T009,descent,10,6526.320961465168,6703.960663613605,direct,19.396424967151802,obstruction_bound
T010,climb,0,2538.7887122874713,2663.4988705719766,direct,20.962509130395105,obstruction_bound
T010,cruise,1,2663.4988705719766,2852.4081053889076,direct,4.732132336266204,obstruction_bound
T010,cruise,1,2852.4081053889076,2946.862722797373,direct,1.268287949748668,obstruction_bound
T010,cruise,1,2946.862722797373,3041.3173402058383,relay,5.89065064603038,clear_swept_triangle
T010,descent,2,3041.3173402058383,3102.6495301472446,relay,5.875826859497451,clear_swept_triangle
T010,handoff,3,3102.6495301472446,3207.6495301472446,relay,5.875826859497451,clear_swept_triangle
T010,handoff,3,3207.6495301472446,3312.6495301472446,relay,5.875826859497451,clear_swept_triangle
T010,climb,4,3312.6495301472446,3363.75968843175,relay,5.875826859497451,clear_swept_triangle
T010,cruise,5,3363.75968843175,3458.2143058402153,relay,5.89065064603038,clear_swept_triangle
T010,cruise,5,3458.2143058402153,3552.6689232486806,direct,1.268287949748668,obstruction_bound
T010,cruise,5,3552.6689232486806,3741.578158065611,direct,4.732132336266204,obstruction_bound
T010,descent,6,3741.578158065611,3891.2303480070177,direct,20.962509130395105,obstruction_bound
T011,climb,0,1944.5713591276817,2093.852633541744,direct,19.320069836068825,obstruction_bound
T011,cruise,1,2093.852633541744,2274.216287558501,direct,3.1937457809478644,obstruction_bound
T011,cruise,1,2274.216287558501,2364.398114566879,relay,0.7190288162332621,clear_swept_triangle
T011,cruise,1,2364.398114566879,2454.579941575257,relay,0.7190288162332621,obstruction_bound
T011,descent,2,2454.579941575257,2544.397470872132,relay,0.7190288162332621,obstruction_bound
T011,handoff,3,2544.397470872132,2664.397470872132,relay,0.7190288162332621,obstruction_bound
T011,handoff,3,2664.397470872132,2784.397470872132,relay,0.7190288162332621,obstruction_bound
T011,climb,4,2784.397470872132,2859.245411952861,relay,0.7190288162332621,obstruction_bound
T011,cruise,5,2859.245411952861,2949.4272389612397,relay,0.7190288162332621,obstruction_bound
T011,cruise,5,2949.4272389612397,3039.609065969618,relay,0.7190288162332621,clear_swept_triangle
T011,cruise,5,3039.609065969618,3219.972719986374,direct,3.1937457809478644,obstruction_bound
T011,descent,6,3219.972719986374,3399.1102492832492,direct,19.320069836068825,obstruction_bound
T012,climb,0,12234.025652770968,12330.311851501438,direct,25.06911862942026,obstruction_bound
T012,cruise,1,12330.311851501438,12542.380445796878,direct,1.8735648914287992,obstruction_bound
T012,descent,2,12542.380445796878,12569.188194209964,direct,1.8735648914287992,obstruction_bound
T012,handoff,3,12569.188194209964,12857.188194209964,direct,1.882455330785504,obstruction_bound
T012,climb,4,12857.188194209964,12966.462481319339,direct,1.812010699330898,obstruction_bound
T012,cruise,5,12966.462481319339,13050.345477519308,direct,0.5006226356473604,obstruction_bound
T012,cruise,5,13050.345477519308,13134.228473719277,relay,0.12295091677330561,obstruction_bound
T012,descent,6,13134.228473719277,13253.971332605995,relay,0.06232772236087669,obstruction_bound
T012,handoff,7,13253.971332605995,13325.971332605995,relay,0.06232772236087669,obstruction_bound
T012,handoff,7,13325.971332605995,13397.971332605995,relay,0.06232772236087669,obstruction_bound
T012,handoff,7,13397.971332605995,13469.971332605995,relay,0.06232772236087669,obstruction_bound
T012,handoff,7,13469.971332605995,13541.971332605995,relay,0.06232772236087669,obstruction_bound
T012,climb,8,13541.971332605995,13603.303522547401,relay,0.06232772236087669,obstruction_bound
T012,cruise,9,13603.303522547401,13678.867216474175,relay,0.1160053709179465,obstruction_bound
T012,cruise,9,13678.867216474175,13754.430910400946,direct,1.268287949748668,obstruction_bound
T012,cruise,9,13754.430910400946,13905.558298254491,direct,4.732132336266204,obstruction_bound
T012,descent,10,13905.558298254491,14092.623535681249,direct,20.962509130395105,obstruction_bound
T013,climb,0,12234.025652770968,12307.432884216281,direct,27.67445965789763,obstruction_bound
T013,cruise,1,12307.432884216281,12555.275159159917,direct,0.5319038152765074,obstruction_bound
T013,cruise,1,12555.275159159917,12617.235727895826,relay,5.212079311070539,clear_swept_triangle
T013,cruise,1,12617.235727895826,12679.196296631735,relay,7.37159348709649,clear_swept_triangle
T013,cruise,1,12679.196296631735,12741.156865367644,relay,9.154340728163106,clear_swept_triangle
T013,cruise,1,12741.156865367644,12803.117434103555,relay,0.32425933519316175,obstruction_bound
T013,descent,2,12803.117434103555,12848.976473410195,relay,0.2680578102325626,obstruction_bound
T013,handoff,3,12848.976473410195,12947.976473410195,relay,0.2680578102325626,obstruction_bound
T013,handoff,3,12947.976473410195,13046.976473410195,relay,0.2680578102325626,obstruction_bound
T013,handoff,3,13046.976473410195,13145.976473410195,relay,0.2680578102325626,obstruction_bound
T013,handoff,3,13145.976473410195,13244.976473410195,relay,0.2680578102325626,obstruction_bound
T013,climb,4,13244.976473410195,13281.663704855508,relay,0.2680578102325626,obstruction_bound
T013,cruise,5,13281.663704855508,13343.624273591417,relay,0.32425933519316175,obstruction_bound
T013,cruise,5,13343.624273591417,13405.584842327326,relay,9.154340728163106,clear_swept_triangle
T013,cruise,5,13405.584842327326,13467.545411063234,relay,7.37159348709649,clear_swept_triangle
T013,cruise,5,13467.545411063234,13529.505979799143,relay,5.212079311070539,clear_swept_triangle
T013,cruise,5,13529.505979799143,13777.348254742781,direct,0.5319038152765074,obstruction_bound
T013,descent,6,13777.348254742781,13869.107294049421,direct,27.67445965789763,obstruction_bound
T014,climb,0,4485.919766504683,4552.1567293953085,direct,26.902754877149746,obstruction_bound
T014,cruise,1,4552.1567293953085,4773.07392971607,direct,3.457866229518814,obstruction_bound
T014,cruise,1,4773.07392971607,4883.532529876451,direct,9.946970695988483,clear_swept_triangle
T014,cruise,1,4883.532529876451,4993.991130036832,relay,2.545383295109687,clear_swept_triangle
T014,descent,2,4993.991130036832,5046.555485505582,relay,2.520195863805455,clear_swept_triangle
T014,handoff,3,5046.555485505582,5151.555485505582,relay,2.520195863805455,clear_swept_triangle
T014,handoff,3,5151.555485505582,5256.555485505582,relay,2.520195863805455,clear_swept_triangle
T014,climb,4,5256.555485505582,5313.49101203553,relay,2.520195863805455,clear_swept_triangle
T014,cruise,5,5313.49101203553,5422.512263912484,relay,0.44176830009502055,clear_swept_triangle
T014,cruise,5,5422.512263912484,5531.533515789437,relay,0.2895657834421854,clear_swept_triangle
T014,descent,6,5531.533515789437,5586.536147625375,relay,0.2895657834421854,clear_swept_triangle
T014,handoff,7,5586.536147625375,5676.536147625375,relay,0.2895657834421854,clear_swept_triangle
T014,handoff,7,5676.536147625375,5766.536147625375,relay,0.2895657834421854,clear_swept_triangle
T014,climb,8,5766.536147625375,5823.18253637863,relay,0.2895657834421854,clear_swept_triangle
T014,cruise,9,5823.18253637863,5903.866408698963,relay,0.2895657834421854,clear_swept_triangle
T014,cruise,9,5903.866408698963,5984.550281019296,relay,0.2895657834421854,obstruction_bound
T014,cruise,9,5984.550281019296,6065.234153339628,relay,1.0629174395356955,clear_swept_triangle
T014,cruise,9,6065.234153339628,6145.918025659962,direct,8.235391079622957,clear_swept_triangle
T014,cruise,9,6145.918025659962,6468.653514941294,direct,0.16706804744731585,obstruction_bound
T014,descent,10,6468.653514941294,6576.8691814451995,direct,23.968262608738186,obstruction_bound
T015,climb,0,4485.919766504683,4565.872722640751,direct,25.102895398396285,obstruction_bound
T015,cruise,1,4565.872722640751,4701.030422368454,direct,5.756268610632418,obstruction_bound
T015,cruise,1,4701.030422368454,4836.188122096159,direct,9.77372465189093,clear_swept_triangle
T015,cruise,1,4836.188122096159,4903.766971960011,relay,4.0929225624624195,clear_swept_triangle
T015,cruise,1,4903.766971960011,4971.345821823862,relay,2.4297294992808673,clear_swept_triangle
T015,cruise,1,4971.345821823862,5038.924671687714,relay,0.9386885476618119,clear_swept_triangle
T015,cruise,1,5038.924671687714,5106.503521551565,relay,0.2895657834421854,clear_swept_triangle
T015,descent,2,5106.503521551565,5145.167068914847,relay,0.2895657834421854,clear_swept_triangle
T015,handoff,3,5145.167068914847,5265.167068914847,relay,0.2895657834421854,clear_swept_triangle
T015,handoff,3,5265.167068914847,5385.167068914847,relay,0.2895657834421854,clear_swept_triangle
T015,climb,4,5385.167068914847,5417.386691717582,relay,0.2895657834421854,clear_swept_triangle
T015,cruise,5,5417.386691717582,5484.965541581434,relay,0.2895657834421854,clear_swept_triangle
T015,cruise,5,5484.965541581434,5552.544391445285,relay,0.9386885476618119,clear_swept_triangle
T015,cruise,5,5552.544391445285,5620.1232413091375,relay,2.4297294992808673,clear_swept_triangle
T015,cruise,5,5620.1232413091375,5687.702091172989,relay,4.0929225624624195,clear_swept_triangle
T015,cruise,5,5687.702091172989,5822.859790900693,direct,9.773724651891754,clear_swept_triangle
T015,cruise,5,5822.859790900693,5958.017490628396,direct,5.756268610632418,obstruction_bound
T015,descent,6,5958.017490628396,6053.961037991678,direct,25.102895398396285,obstruction_bound
T016,climb,0,10618.599475253503,10706.950085605065,direct,24.16061612661366,obstruction_bound
T016,cruise,1,10706.950085605065,10908.979264880056,direct,4.20945790655729,obstruction_bound
T016,cruise,1,10908.979264880056,11009.993854517552,direct,0.7122343239242781,obstruction_bound
T016,cruise,1,11009.993854517552,11111.008444155046,relay,1.278307760056606,clear_swept_triangle
T016,descent,2,11111.008444155046,11127.429176576921,relay,1.3124875380895844,clear_swept_triangle
T016,handoff,3,11127.429176576921,11217.429176576923,relay,1.3124875380895844,clear_swept_triangle
T016,handoff,3,11217.429176576923,11307.429176576923,relay,1.3124875380895844,clear_swept_triangle
T016,climb,4,11307.429176576923,11335.70463230609,relay,1.3124875380895844,clear_swept_triangle
T016,cruise,5,11335.70463230609,11455.035545508386,relay,1.3157929945057276,clear_swept_triangle
T016,cruise,5,11455.035545508386,11574.366458710683,relay,2.197575933207574,clear_swept_triangle
T016,descent,6,11574.366458710683,11637.057005585682,relay,1.146365575206005,clear_swept_triangle
T016,handoff,7,11637.057005585682,11727.057005585682,relay,1.146365575206005,clear_swept_triangle
T016,handoff,7,11727.057005585682,11817.057005585682,relay,1.146365575206005,clear_swept_triangle
T016,climb,8,11817.057005585682,11866.15379310196,relay,1.146365575206005,clear_swept_triangle
T016,cruise,9,11866.15379310196,11943.220869582456,relay,2.429823104785754,clear_swept_triangle
T016,cruise,9,11943.220869582456,12020.287946062956,relay,3.0164470856344963,clear_swept_triangle
T016,cruise,9,12020.287946062956,12097.355022543452,relay,3.1395779590174584,clear_swept_triangle
T016,cruise,9,12097.355022543452,12174.42209902395,relay,2.6472575102351215,clear_swept_triangle
T016,cruise,9,12174.42209902395,12482.690404945943,direct,0.5584845607324098,obstruction_bound
T016,descent,10,12482.690404945943,12602.446549965474,direct,23.02154674108874,obstruction_bound
T017,climb,0,12516.640746740497,12582.877709631122,direct,26.902754877149746,obstruction_bound
T017,cruise,1,12582.877709631122,12759.611469887732,direct,3.457866229518814,obstruction_bound
T017,cruise,1,12759.611469887732,12847.978350016036,direct,9.946970695988483,clear_swept_triangle
T017,cruise,1,12847.978350016036,12936.345230144341,relay,6.153660433544204,clear_swept_triangle
T017,descent,2,12936.345230144341,12988.909585613092,relay,0.01449780642904841,obstruction_bound
T017,handoff,3,12988.909585613092,13093.909585613092,relay,0.01449780642904841,obstruction_bound
T017,handoff,3,13093.909585613092,13198.909585613092,relay,0.01449780642904841,obstruction_bound
T017,climb,4,13198.909585613092,13242.713215170383,relay,0.01449780642904841,obstruction_bound
T017,cruise,5,13242.713215170383,13331.080095298688,relay,6.153660433543166,clear_swept_triangle
T017,cruise,5,13331.080095298688,13419.446975426992,direct,9.94697069598935,clear_swept_triangle
T017,cruise,5,13419.446975426992,13596.180735683602,direct,3.457866229519041,obstruction_bound
T017,descent,6,13596.180735683602,13675.665091152352,direct,26.902754877149746,obstruction_bound
T018,climb,0,14349.107294049421,14522.748949322859,direct,19.603583756332725,obstruction_bound
T018,cruise,1,14522.748949322859,14764.784467354653,direct,0.6898448822132082,obstruction_bound
T018,cruise,1,14764.784467354653,14825.293346862603,relay,7.814913086366914,clear_swept_triangle
T018,cruise,1,14825.293346862603,14885.802226370552,relay,5.176439073554121,clear_swept_triangle
T018,cruise,1,14885.802226370552,14946.3111058785,relay,3.1534861291154357,clear_swept_triangle
T018,cruise,1,14946.3111058785,15006.819985386448,relay,1.5130318421220892,clear_swept_triangle
T018,descent,2,15006.819985386448,15118.472054478245,relay,1.5049007252680582,clear_swept_triangle
T018,handoff,3,15118.472054478245,15217.472054478245,relay,1.5049007252680582,clear_swept_triangle
T018,handoff,3,15217.472054478245,15316.472054478245,relay,1.5049007252680582,clear_swept_triangle
T018,handoff,3,15316.472054478245,15415.472054478245,relay,1.5049007252680582,clear_swept_triangle
T018,handoff,3,15415.472054478245,15514.472054478245,relay,1.5049007252680582,clear_swept_triangle
T018,climb,4,15514.472054478245,15603.793709751682,relay,1.5049007252680582,clear_swept_triangle
T018,cruise,5,15603.793709751682,15664.302589259632,relay,1.5130318421220892,clear_swept_triangle
T018,cruise,5,15664.302589259632,15724.81146876758,relay,3.153486129118022,clear_swept_triangle
T018,cruise,5,15724.81146876758,15785.320348275529,relay,5.176439073554121,clear_swept_triangle
T018,cruise,5,15785.320348275529,15845.829227783477,relay,7.814913086366914,clear_swept_triangle
T018,cruise,5,15845.829227783477,16087.864745815274,direct,0.6898448822132082,obstruction_bound
T018,descent,6,16087.864745815274,16304.91681490707,direct,19.603583756332725,obstruction_bound
T019,climb,0,10618.599475253503,10684.836438144128,direct,26.902754877149746,obstruction_bound
T019,cruise,1,10684.836438144128,10905.75363846489,direct,3.457866229518814,obstruction_bound
T019,cruise,1,10905.75363846489,11016.21223862527,direct,9.946970695988483,clear_swept_triangle
T019,cruise,1,11016.21223862527,11126.67083878565,relay,6.153660433544204,clear_swept_triangle
T019,descent,2,11126.67083878565,11179.235194254401,relay,0.01449780642904841,obstruction_bound
T019,handoff,3,11179.235194254401,11284.235194254401,relay,0.01449780642904841,obstruction_bound
T019,handoff,3,11284.235194254401,11389.235194254401,relay,0.01449780642904841,obstruction_bound
T019,climb,4,11389.235194254401,11433.038823811694,relay,0.01449780642904841,obstruction_bound
T019,cruise,5,11433.038823811694,11543.497423972074,relay,6.153660433544204,clear_swept_triangle
T019,cruise,5,11543.497423972074,11653.956024132454,direct,9.946970695988483,clear_swept_triangle
T019,cruise,5,11653.956024132454,11874.873224453217,direct,3.457866229519041,obstruction_bound
T019,descent,6,11874.873224453217,11954.357579921967,direct,26.902754877149746,obstruction_bound
T020,climb,0,8344.785096357577,8492.818181481274,direct,19.396424967151802,obstruction_bound
T020,cruise,1,8492.818181481274,8743.614249589411,direct,2.2900628035488637,obstruction_bound
T020,cruise,1,8743.614249589411,8806.313266616446,direct,0.38247980482715604,obstruction_bound
T020,cruise,1,8806.313266616446,8869.01228364348,relay,6.694224923358092,clear_swept_triangle
T020,cruise,1,8869.01228364348,8931.711300670515,relay,4.733691624169623,clear_swept_triangle
T020,cruise,1,8931.711300670515,8994.410317697548,relay,3.1232549646257723,clear_swept_triangle
T020,descent,2,8994.410317697548,9033.330019845986,relay,3.1232549646257723,clear_swept_triangle
T020,handoff,3,9033.330019845986,9138.330019845986,relay,3.124098784877475,clear_swept_triangle
T020,handoff,3,9138.330019845986,9243.330019845986,relay,3.124098784877475,clear_swept_triangle
T020,climb,4,9243.330019845986,9275.763104969685,relay,3.1232549646257723,clear_swept_triangle
T020,cruise,5,9275.763104969685,9338.46212199672,relay,3.1232549646257723,clear_swept_triangle
T020,cruise,5,9338.46212199672,9401.161139023752,relay,4.733691624169623,clear_swept_triangle
T020,cruise,5,9401.161139023752,9463.860156050787,relay,6.694224923358092,clear_swept_triangle
T020,cruise,5,9463.860156050787,9526.559173077821,direct,0.38247980482715604,obstruction_bound
T020,cruise,5,9526.559173077821,9777.355241185958,direct,2.2900628035488637,obstruction_bound
T020,descent,6,9777.355241185958,9954.994943334395,direct,19.396424967151802,obstruction_bound
T021,climb,0,10618.599475253503,10698.55243138957,direct,25.102895398396285,obstruction_bound
T021,cruise,1,10698.55243138957,10833.710131117274,direct,5.756268610632418,obstruction_bound
T021,cruise,1,10833.710131117274,10968.867830844978,direct,9.77372465189093,clear_swept_triangle
T021,cruise,1,10968.867830844978,11036.44668070883,relay,5.210878785113749,clear_swept_triangle
T021,cruise,1,11036.44668070883,11104.025530572682,relay,6.898978175673591,clear_swept_triangle
T021,cruise,1,11104.025530572682,11171.604380436533,relay,7.7732177825499775,clear_swept_triangle
T021,cruise,1,11171.604380436533,11239.183230300385,relay,6.444230819680115,clear_swept_triangle
T021,descent,2,11239.183230300385,11277.846777663666,relay,6.424949045325604,clear_swept_triangle
T021,handoff,3,11277.846777663666,11382.846777663666,relay,6.424949045325604,clear_swept_triangle
T021,handoff,3,11382.846777663666,11487.846777663666,relay,6.424949045325604,clear_swept_triangle
T021,climb,4,11487.846777663666,11520.066400466401,relay,6.424949045325604,clear_swept_triangle
T021,cruise,5,11520.066400466401,11587.645250330253,relay,6.444230819680115,clear_swept_triangle
T021,cruise,5,11587.645250330253,11655.224100194104,relay,7.7732177825499775,clear_swept_triangle
T021,cruise,5,11655.224100194104,11722.802950057956,relay,6.898978175673591,clear_swept_triangle
T021,cruise,5,11722.802950057956,11790.381799921808,relay,5.210878785112911,clear_swept_triangle
T021,cruise,5,11790.381799921808,11925.539499649512,direct,9.773724651891754,clear_swept_triangle
T021,cruise,5,11925.539499649512,12060.697199377217,direct,5.756268610632418,obstruction_bound
T021,descent,6,12060.697199377217,12156.640746740497,direct,25.102895398396285,obstruction_bound
T022,climb,0,7285.918163503697,7341.094467621535,direct,28.686789494765065,obstruction_bound
T022,cruise,1,7341.094467621535,7579.53915465165,direct,2.8030470255403372,obstruction_bound
T022,cruise,1,7579.53915465165,7698.7614981667075,relay,2.6762935366080285,clear_swept_triangle
T022,cruise,1,7698.7614981667075,7817.983841681765,relay,0.46149313682049353,clear_swept_triangle
T022,descent,2,7817.983841681765,7843.275406623171,relay,0.45772896361786763,clear_swept_triangle
T022,handoff,3,7843.275406623171,7948.275406623171,relay,0.45772896361786763,clear_swept_triangle
T022,handoff,3,7948.275406623171,8053.275406623171,relay,0.45772896361786763,clear_swept_triangle
T022,climb,4,8053.275406623171,8074.35171074101,relay,0.45772896361786763,clear_swept_triangle
T022,cruise,5,8074.35171074101,8193.574054256067,relay,0.46149313682049353,clear_swept_triangle
T022,cruise,5,8193.574054256067,8312.796397771124,relay,2.6762935366080285,clear_swept_triangle
T022,cruise,5,8312.796397771124,8551.24108480124,direct,2.8030470255403372,obstruction_bound
T022,descent,6,8551.24108480124,8617.452649742645,direct,28.686789494765065,obstruction_bound
T023,climb,0,4545.919766504683,4654.13543300859,direct,23.968262608738186,obstruction_bound
T023,cruise,1,4654.13543300859,4912.323824433655,direct,0.1670680474470032,obstruction_bound
T023,cruise,1,4912.323824433655,4976.8709222899215,direct,8.235391079622957,clear_swept_triangle
T023,cruise,1,4976.8709222899215,5041.418020146188,relay,1.0629174395352123,clear_swept_triangle
T023,cruise,1,5041.418020146188,5105.965118002455,relay,0.2895657834421854,obstruction_bound
T023,cruise,1,5105.965118002455,5170.512215858721,relay,0.2895657834421854,clear_swept_triangle
T023,descent,2,5170.512215858721,5255.481798988603,relay,0.2895657834421854,clear_swept_triangle
T023,handoff,3,5255.481798988603,5345.481798988603,relay,0.2895657834421854,clear_swept_triangle
T023,handoff,3,5345.481798988603,5435.481798988603,relay,0.2895657834421854,clear_swept_triangle
T023,handoff,3,5435.481798988603,5525.481798988603,relay,0.2895657834421854,clear_swept_triangle
T023,handoff,3,5525.481798988603,5615.481798988603,relay,0.2895657834421854,clear_swept_triangle
T023,climb,4,5615.481798988603,5683.45746549251,relay,0.2895657834421854,clear_swept_triangle
T023,cruise,5,5683.45746549251,5748.004563348776,relay,0.2895657834421854,clear_swept_triangle
T023,cruise,5,5748.004563348776,5812.551661205043,relay,0.2895657834421854,obstruction_bound
T023,cruise,5,5812.551661205043,5877.0987590613095,relay,1.0629174395352123,clear_swept_triangle
T023,cruise,5,5877.0987590613095,5941.645856917576,direct,8.235391079622957,clear_swept_triangle
T023,cruise,5,5941.645856917576,6199.834248342641,direct,0.1670680474470032,obstruction_bound
T023,descent,6,6199.834248342641,6335.103831472525,direct,23.968262608738186,obstruction_bound
T024,climb,0,7315.918163503697,7371.805415294061,direct,28.560414627442952,obstruction_bound
T024,cruise,1,7371.805415294061,7559.615270890145,direct,2.9376671036965263,obstruction_bound
T024,descent,2,7559.615270890145,7592.919973038583,direct,2.9376671036965263,obstruction_bound
T024,handoff,3,7592.919973038583,7832.919973038583,direct,2.94731346776274,obstruction_bound
T024,climb,4,7832.919973038583,7860.673891495614,direct,2.9376671036965263,obstruction_bound
T024,cruise,5,7860.673891495614,8048.483747091698,direct,2.9376671036965263,obstruction_bound
T024,descent,6,8048.483747091698,8115.548449240136,direct,28.560414627442952,obstruction_bound
