sortie,phase_index,start,end,mode,relay_sortie,margin_lower_db,status
T001,0,510.0,568.1426440429688,direct,,28.982830377148545,PASS
T001,1,568.1426440429688,709.9998999999997,direct,,4.371734514325031,PASS
T001,1,709.9998999999997,710.0,direct,,4.371728412526112,PASS
T001,1,710.0,767.9999000000003,direct,,1.4018265236776806,PASS
T001,1,767.9999000000003,768.0,direct,,1.401822185216897,PASS
T001,1,768.0,772.3697837050219,direct,,1.2142767659980365,PASS
T001,2,772.3697837050219,816.8980887587328,direct,,1.2142767659980365,PASS
T001,3,816.8980887587328,1248.8980887587327,direct,,1.2209329737202967,PASS
T001,4,1248.8980887587327,1280.0,direct,,1.2155269980647567,PASS
T001,4,1280.0,1280.0000999999993,direct,,1.2155269717109434,PASS
T001,4,1280.0000999999993,1284.5207328017013,direct,,1.2142767659980365,PASS
T001,5,1284.5207328017013,1488.7478724637544,direct,,1.2142767659980365,PASS
T001,6,1488.7478724637544,1561.4261775174655,direct,,28.982830377148545,PASS
T002_2,0,390.0,478.3506103515625,direct,,23.16061612661366,PASS
T002_2,1,478.3506103515625,709.9998999999997,direct,,0.10525445194172178,PASS
T002_2,1,709.9998999999997,710.0,direct,,0.105250720911652,PASS
T002_2,1,710.0,767.9999000000003,relay,R004,2.710217075986666,PASS
T002_2,1,767.9999000000003,768.0,relay,R004,2.710217075986666,PASS
T002_2,1,768.0,801.597297191548,relay,R004,2.710217075986666,PASS
T002_2,2,801.597297191548,818.018029613423,relay,R004,2.710217075986666,PASS
T002_2,3,818.0180296134231,1058.018029613423,relay,R004,2.710217075986666,PASS
T002_2,4,1058.018029613423,1071.701973298319,relay,R004,2.710217075986666,PASS
T002_2,5,1071.701973298319,1280.0,relay,R004,2.710217075986666,PASS
T002_2,5,1280.0,1280.0000999999993,direct,,6.126502021077311,PASS
T002_2,5,1280.0000999999993,1394.9486601383046,direct,,6.126509427816991,PASS
T002_2,6,1394.9486601383046,1500.9693925601796,direct,,23.16061612661366,PASS
T003,0,1888.035182877992,1946.1778269209608,direct,,28.982830377148545,PASS
T003,1,1946.1778269209608,2150.404966583014,direct,,1.2142767659980365,PASS
T003,2,2150.404966583014,2194.933271636725,direct,,1.2142767659980365,PASS
T003,3,2194.933271636725,2554.9332716367244,direct,,1.2209329737202967,PASS
T003,4,2554.9332716367244,2590.5559156796935,direct,,1.2142767659980365,PASS
T003,5,2590.5559156796935,2739.035182877992,direct,,1.2142767659980365,PASS
T003,5,2739.035182877992,2739.1115402878895,direct,,12.402731652893344,PASS
T003,5,2739.1115402878895,2794.783055341746,direct,,12.41437479714536,PASS
T003,6,2794.783055341746,2867.4613603954576,direct,,28.982830377148545,PASS
T004,0,2394.1116402878897,2449.287944405728,direct,,27.686789494765115,PASS
T004,1,2449.287944405728,2739.1115402878895,direct,,0.11161686954461914,PASS
T004,1,2739.1115402878895,2739.1116402878897,direct,,0.11161387782662047,PASS
T004,1,2739.1116402878897,2926.177318465958,relay,R003,5.2974160390661105,PASS
T004,2,2926.177318465958,2951.468883407364,relay,R003,5.039636794763826,PASS
T004,3,2951.468883407364,3131.468883407364,relay,R003,5.0396367947638225,PASS
T004,4,3131.468883407364,3153.1116402878897,relay,R003,5.0396367947638225,PASS
T004,4,3153.1116402878897,3153.969592560179,relay,R003,5.179207305567839,PASS
T004,4,3153.969592560179,3164.2311006111404,relay,R003,5.1840364311683444,PASS
T004,5,3164.2311006111404,3308.4713268042524,relay,R003,4.470058273677994,PASS
T004,6,3308.4713268042524,3351.985987448784,relay,R003,4.282255880880729,PASS
T004,7,3351.985987448784,3561.985987448784,relay,R003,4.282255880880729,PASS
T004,8,3561.985987448784,3592.5586803198776,relay,R003,4.282255880880731,PASS
T004,9,3592.5586803198776,3902.3615239994233,relay,R003,6.076162459558585,PASS
T004,9,3902.3615239994233,4057.262945839196,relay,R003,1.6482283617869289,PASS
T004,9,4057.262945839196,4212.164367678969,direct,,5.527276229330184,PASS
T004,10,4212.164367678969,4285.571599124281,direct,,26.67445965789763,PASS
T005,0,390.0,438.45220336914065,direct,,28.982830377148545,PASS
T005,1,438.45220336914065,693.736127946707,direct,,1.2142767659980365,PASS
T005,2,693.736127946707,709.9998999999997,direct,,1.2142767659980365,PASS
T005,2,709.9998999999997,710.0,direct,,1.2182242796586529,PASS
T005,2,710.0,729.3587719896758,direct,,1.2182242992411254,PASS
T005,3,729.3587719896758,767.9999000000003,direct,,1.2209329737202967,PASS
T005,3,767.9999000000003,768.0,direct,,1.2209329737202967,PASS
T005,3,768.0,969.3587719896758,direct,,1.2209329737202967,PASS
T005,4,969.3587719896758,999.0443086921498,direct,,1.2142767659980365,PASS
T005,5,999.0443086921498,1254.3282332697163,direct,,1.2142767659980365,PASS
T005,6,1254.3282332697163,1280.0,direct,,28.982830377148545,PASS
T005,6,1280.0,1280.0000999999993,direct,,35.21398419930195,PASS
T005,6,1280.0000999999993,1312.470877312685,direct,,35.214019694177,PASS
T006,0,3898.596003149672,3954.4832549400367,direct,,27.560414627442945,PASS
T006,1,3954.4832549400367,4142.29311053612,direct,,1.9375573644603516,PASS
T006,2,4142.29311053612,4175.597812684558,direct,,1.9375573644603516,PASS
T006,3,4175.597812684558,4415.597812684558,direct,,1.9472034845106343,PASS
T006,4,4415.597812684558,4443.351731141589,direct,,1.9375573644603516,PASS
T006,5,4443.351731141589,4484.5960031496725,direct,,1.9375573644603516,PASS
T006,5,4484.5960031496725,4485.074099969266,direct,,4.083652686986264,PASS
T006,5,4485.074099969266,4631.161586737673,direct,,4.111904501753539,PASS
T006,6,4631.161586737673,4698.226288886111,direct,,27.560414627442945,PASS
T007,0,4057.074199969267,4201.775579363798,direct,,18.60358375633274,PASS
T007,1,4201.775579363798,4485.074099969266,direct,,0.25252841169991136,PASS
T007,1,4485.074099969266,4485.074199969267,direct,,0.252525390533096,PASS
T007,1,4485.074199969267,4806.864374443286,relay,R002,2.7587729151736013,PASS
T007,2,4806.864374443286,4896.186029716723,relay,R002,2.7243562827461787,PASS
T007,3,4896.186029716723,5106.186029716723,relay,R002,2.7243562827461787,PASS
T007,4,5106.186029716723,5157.913812919848,relay,R002,2.7243562827461787,PASS
T007,5,5157.913812919848,5375.776833746029,relay,R002,2.751013713102269,PASS
T007,6,5375.776833746029,5383.450173589779,relay,R002,4.547353307379366,PASS
T007,7,5383.450173589779,5563.450173589779,relay,R002,4.547353307379366,PASS
T007,8,5563.450173589779,5595.883258713477,relay,R002,4.547353307379366,PASS
T007,9,5595.883258713477,6097.475394929751,relay,R002,4.564399251245414,PASS
T007,10,6097.475394929751,6275.115097078189,direct,,18.39642496715181,PASS
T007_HARD,0,360.0,484.7101582845052,direct,,19.962509130395112,PASS
T007_HARD,1,484.7101582845052,709.9998999999997,direct,,2.232947373342917,PASS
T007_HARD,1,709.9998999999997,710.0,direct,,2.2329435829425677,PASS
T007_HARD,1,710.0,767.9999000000003,direct,,0.27016740462751976,PASS
T007_HARD,1,767.9999000000003,768.0,direct,,0.2701643714590283,PASS
T007_HARD,1,768.0,862.528627918367,relay,R001,2.133623426216694,PASS
T007_HARD,2,862.528627918367,923.8608178597732,relay,R001,1.916287346872787,PASS
T007_HARD,3,923.8608178597732,1133.8608178597733,relay,R001,1.916287346872787,PASS
T007_HARD,4,1133.8608178597733,1184.9709761442784,relay,R001,1.916287346872787,PASS
T007_HARD,5,1184.9709761442784,1280.0,relay,R001,2.133623426216694,PASS
T007_HARD,5,1280.0,1280.0000999999993,direct,,0.28535534877894264,PASS
T007_HARD,5,1280.0000999999993,1562.7894457781401,direct,,0.2853583871990999,PASS
T007_HARD,6,1562.7894457781401,1712.4416357195464,direct,,19.962509130395112,PASS
T007_SOFT,0,360.0,484.7101582845052,direct,,19.962509130395112,PASS
T007_SOFT,1,484.7101582845052,709.9998999999997,direct,,2.232947373342917,PASS
T007_SOFT,1,709.9998999999997,710.0,direct,,2.2329435829425677,PASS
T007_SOFT,1,710.0,767.9999000000003,direct,,0.27016740462751976,PASS
T007_SOFT,1,767.9999000000003,768.0,direct,,0.2701643714590283,PASS
T007_SOFT,1,768.0,862.528627918367,relay,R001,2.133623426216694,PASS
T007_SOFT,2,862.528627918367,923.8608178597732,relay,R001,1.916287346872787,PASS
T007_SOFT,3,923.8608178597732,1133.8608178597733,relay,R001,1.916287346872787,PASS
T007_SOFT,4,1133.8608178597733,1184.9709761442784,relay,R001,1.916287346872787,PASS
T007_SOFT,5,1184.9709761442784,1280.0,relay,R001,2.133623426216694,PASS
T007_SOFT,5,1280.0,1280.0000999999993,direct,,0.28535534877894264,PASS
T007_SOFT,5,1280.0000999999993,1562.7894457781401,direct,,0.2853583871990999,PASS
T007_SOFT,6,1562.7894457781401,1712.4416357195464,direct,,19.962509130395112,PASS
T008,0,1895.9694925601796,2045.2507669742422,direct,,18.320069836068832,PASS
T008,1,2045.2507669742422,2405.9780750077553,relay,R004,2.710217075986666,PASS
T008,2,2405.9780750077553,2495.79560430463,relay,R004,2.0994676664544194,PASS
T008,3,2495.79560430463,2735.7956043046297,relay,R004,2.0994676664544194,PASS
T008,4,2735.7956043046297,2739.1115402878895,relay,R004,2.0994676664544194,PASS
T008,4,2739.1115402878895,2739.96949256018,relay,R004,2.113164988746652,PASS
T008,4,2739.96949256018,2810.643545385359,relay,R004,2.116643060078932,PASS
T008,5,2810.643545385359,3153.96949256018,relay,R004,2.710217075986666,PASS
T008,5,3153.96949256018,3153.969592560179,direct,,16.945916041211245,PASS
T008,5,3153.969592560179,3171.370853418872,direct,,16.94592958014467,PASS
T008,6,3171.370853418872,3350.508382715747,direct,,18.320069836068832,PASS
T009,0,360.0,440.2384989420573,direct,,24.06911862942026,PASS
T009,1,440.2384989420573,705.3242418113589,direct,,0.8735394127871192,PASS
T009,2,705.3242418113589,709.9998999999997,direct,,0.8735394127871192,PASS
T009,2,709.9998999999997,710.0,direct,,0.8756855547655267,PASS
T009,2,710.0,726.7704405418276,direct,,0.8756855994283477,PASS
T009,3,726.7704405418276,767.9999000000003,direct,,0.882429799933238,PASS
T009,3,767.9999000000003,768.0,direct,,0.882429799933238,PASS
T009,3,768.0,936.7704405418276,direct,,0.882429799933238,PASS
T009,4,936.7704405418276,954.6422728172182,direct,,0.8735394127871192,PASS
T009,5,954.6422728172182,1219.72801568652,direct,,0.8735394127871192,PASS
T009,6,1219.72801568652,1280.0,direct,,24.06911862942026,PASS
T009,6,1280.0,1280.0000999999993,direct,,34.03940602516528,PASS
T009,6,1280.0000999999993,1316.0142144169886,direct,,34.03943703051474,PASS
T010_2,0,420.0,516.2861987304688,direct,,24.06911862942026,PASS
T010_2,1,516.2861987304688,709.9998999999997,direct,,1.6557361413701326,PASS
T010_2,1,709.9998999999997,710.0,direct,,1.6557316831891828,PASS
T010_2,1,710.0,728.3547930259101,direct,,0.8735394127871192,PASS
T010_2,2,728.3547930259101,755.1625414389961,direct,,0.8735394127871192,PASS
T010_2,3,755.1625414389961,767.9999000000003,direct,,0.882429799933238,PASS
T010_2,3,767.9999000000003,768.0,direct,,0.882429799933238,PASS
T010_2,3,768.0,1079.162541438996,direct,,0.882429799933238,PASS
T010_2,4,1079.162541438996,1100.6087401694647,direct,,0.8735394127871192,PASS
T010_2,5,1100.6087401694647,1280.0,direct,,0.8735394127871192,PASS
T010_2,5,1280.0,1280.0000999999993,direct,,16.337229634614406,PASS
T010_2,5,1280.0000999999993,1312.677334464906,direct,,16.33725173437795,PASS
T010_2,6,1312.677334464906,1433.035082877992,direct,,24.06911862942026,PASS
T011,0,1949.571459127682,2049.3682466439577,direct,,22.021546741088763,PASS
T011,1,2049.3682466439577,2542.5975361191454,relay,R004,0.06728601629704478,PASS
T011,2,2542.5975361191454,2601.5136811386765,relay,R004,0.05451783094126483,PASS
T011,3,2601.5136811386765,2739.1115402878895,relay,R004,0.05451783094126483,PASS
T011,3,2739.1115402878895,2739.571459127682,relay,R004,0.05451783094126483,PASS
T011,3,2739.571459127682,2841.5136811386765,relay,R004,0.05451783094126483,PASS
T011,4,2841.5136811386765,2890.6104686549525,relay,R004,0.05451783094126483,PASS
T011,5,2890.6104686549525,3153.571459127682,relay,R004,0.06728601629704478,PASS
T011,5,3153.571459127682,3153.969592560179,direct,,0.15017467787543382,PASS
T011,5,3153.969592560179,3383.8397581301397,direct,,0.16510770425700905,PASS
T011,6,3383.8397581301397,3503.595903149671,direct,,22.02154674108874,PASS
T012,0,2434.1116402878897,2507.518871733202,direct,,26.67445965789763,PASS
T012,1,2507.518871733202,2739.1115402878895,direct,,0.11955318743434873,PASS
T012,1,2739.1115402878895,2739.1116402878897,direct,,0.11954944522334365,PASS
T012,1,2739.1116402878897,3003.2034216204756,relay,R003,5.352620366896746,PASS
T012,2,3003.2034216204756,3049.0624609271163,relay,R003,4.282255880880729,PASS
T012,3,3049.0624609271163,3153.1116402878897,relay,R003,4.282255880880729,PASS
T012,3,3153.1116402878897,3153.969592560179,relay,R003,4.282255880880729,PASS
T012,3,3153.969592560179,3445.0624609271163,relay,R003,4.282255880880729,PASS
T012,4,3445.0624609271163,3481.7496923724284,relay,R003,4.282255880880729,PASS
T012,5,3481.7496923724284,3729.591967316065,relay,R003,6.076162459559777,PASS
T012,5,3729.591967316065,3853.513104787883,relay,R003,1.6482283617877638,PASS
T012,5,3853.513104787883,3977.434242259702,direct,,5.527276229327612,PASS
T012,6,3977.434242259702,4069.193281566342,direct,,26.67445965789763,PASS
T013,0,3745.5084827157466,3825.4614388518144,direct,,24.102895398396285,PASS
T013,1,3825.4614388518144,4095.776838307222,direct,,8.773665138270266,PASS
T013,1,4095.776838307222,4366.092237762629,relay,R003,2.1702216187923113,PASS
T013,2,4366.092237762629,4404.755785125911,relay,R003,2.1632287616382335,PASS
T013,3,4404.755785125911,4485.074099969266,relay,R003,2.1632287616382335,PASS
T013,3,4485.074099969266,4485.508482715746,relay,R003,2.1632287616382335,PASS
T013,3,4485.508482715746,4644.755785125911,relay,R003,2.1632287616382335,PASS
T013,4,4644.755785125911,4676.975407928645,relay,R003,2.1632287616382335,PASS
T013,5,4676.975407928645,4947.290807384052,relay,R003,2.1702216187923113,PASS
T013,5,4947.290807384052,5217.60620683946,direct,,8.773665138270266,PASS
T013,6,5217.60620683946,5313.5497542027415,direct,,24.1028953983963,PASS
T014_1,0,4129.0741999692655,4195.31116285989,direct,,25.90275487714976,PASS
T014_1,1,4195.31116285989,4485.074099969266,direct,,0.1098329819987729,PASS
T014_1,1,4485.074099969266,4485.0741999692655,direct,,0.10982999231196722,PASS
T014_1,1,4485.0741999692655,4637.145563501414,relay,R002,1.5450363200545851,PASS
T014_1,2,4637.145563501414,4689.709918970164,relay,R002,1.5198508951701708,PASS
T014_1,3,4689.709918970164,4899.709918970164,relay,R002,1.5198508951701708,PASS
T014_1,4,4899.709918970164,4943.513548527456,relay,R002,1.5198508951701708,PASS
T014_1,5,4943.513548527456,5385.3479491689795,relay,R002,1.5447792394582844,PASS
T014_1,6,5385.3479491689795,5464.83230463773,direct,,25.902754877149746,PASS
T014_2,0,3635.0929537629518,3743.3086202668583,direct,,22.968262608738186,PASS
T014_2,1,3743.3086202668583,4001.497011691924,direct,,9.167057647646672,PASS
T014_2,1,4001.497011691924,4259.68540311699,relay,R003,5.824767232492015,PASS
T014_2,2,4259.68540311699,4344.654986246873,relay,R003,8.427562711646836,PASS
T014_2,3,4344.654986246873,4485.074099969266,relay,R003,8.427562711646836,PASS
T014_2,3,4485.074099969266,4485.092953762952,relay,R003,8.427562711646836,PASS
T014_2,3,4485.092953762952,4740.654986246873,relay,R003,8.427562711646836,PASS
T014_2,4,4740.654986246873,4808.630652750779,relay,R003,8.427562711646836,PASS
T014_2,5,4808.630652750779,5066.819044175844,relay,R003,5.824767232492015,PASS
T014_2,5,5066.819044175844,5325.00743560091,direct,,9.167057647646672,PASS
T014_2,6,5325.00743560091,5460.277018730792,direct,,22.968262608738186,PASS
T015,0,390.0,492.6455118815104,direct,,21.759839664518097,PASS
T015,1,492.6455118815104,709.9998999999997,direct,,0.646514164688071,PASS
T015,1,709.9998999999997,710.0,direct,,0.6465101994287235,PASS
T015,1,710.0,767.9999000000003,relay,R004,1.7972288143946535,PASS
T015,1,767.9999000000003,768.0,relay,R004,2.390156974199842,PASS
T015,1,768.0,811.207731972695,relay,R004,0.8145661856189221,PASS
T015,2,811.207731972695,844.8223462305075,relay,R004,0.739884337460925,PASS
T015,3,844.8223462305075,1084.8223462305075,relay,R004,0.739884337460925,PASS
T015,4,1084.8223462305075,1112.8345247786847,relay,R004,0.739884337460925,PASS
T015,5,1112.8345247786847,1280.0,relay,R004,2.710217075986666,PASS
T015,5,1280.0,1280.0000999999993,direct,,3.7520343485164602,PASS
T015,5,1280.0000999999993,1431.3967448698693,direct,,3.75203999492577,PASS
T015,6,1431.3967448698693,1554.5713591276817,direct,,21.759839664518097,PASS
T016,0,5829.832404637729,5896.069367528355,direct,,25.902754877149746,PASS
T016,1,5896.069367528355,6337.903768169878,relay,R002,1.5447792394582844,PASS
T016,2,6337.903768169878,6390.468123638628,relay,R002,1.5198508951701708,PASS
T016,3,6390.468123638628,6600.468123638628,relay,R002,1.5198508951701708,PASS
T016,4,6600.468123638628,6644.27175319592,relay,R002,1.5198508951701708,PASS
T016,5,6644.27175319592,6796.832404637729,relay,R002,1.5450363200545851,PASS
T016,5,6796.832404637729,6796.8325046377295,direct,,0.12447046558199304,PASS
T016,5,6796.8325046377295,6888.549954202742,direct,,0.12447346029894923,PASS
T016,5,6888.549954202742,6893.832404637729,direct,,3.4237232927517063,PASS
T016,5,6893.832404637729,7086.106153837443,direct,,3.6577699260979486,PASS
T016,6,7086.106153837443,7165.590509306194,direct,,25.902754877149746,PASS
T018,0,4584.193381566342,4733.845571507749,direct,,19.962509130395112,PASS
T018,1,4733.845571507749,5036.100347214839,relay,R002,4.684936344501038,PASS
T018,2,5036.100347214839,5112.765584641596,relay,R002,1.916287346872787,PASS
T018,3,5112.765584641596,5328.765584641596,relay,R002,1.916287346872787,PASS
T018,4,5328.765584641596,5355.177120286127,relay,R002,1.9162873468727888,PASS
T018,5,5355.177120286127,5537.365078952471,relay,R002,2.7389681854779315,PASS
T018,6,5537.365078952471,5575.379498508135,relay,R002,2.7243562827461787,PASS
T018,7,5575.379498508135,5971.379498508135,relay,R002,2.7243562827461787,PASS
T018,8,5971.379498508135,6060.701153781572,relay,R002,2.7243562827461787,PASS
T018,9,6060.701153781572,6544.772189845162,relay,R002,2.7581660646969492,PASS
T018,10,6544.772189845162,6761.824258936959,direct,,18.603583756332732,PASS
T019_1,0,5732.702880894794,5798.93984378542,direct,,25.902754877149746,PASS
T019_1,1,5798.93984378542,6152.407364298639,relay,R002,1.5447792394582844,PASS
T019_1,2,6152.407364298639,6204.971719767388,relay,R002,1.5198508951701708,PASS
T019_1,3,6204.971719767388,6414.971719767389,relay,R002,1.5198508951701708,PASS
T019_1,4,6414.971719767389,6458.77534932468,relay,R002,1.5198508951701708,PASS
T019_1,5,6458.77534932468,6796.702880894794,relay,R002,1.5448210187956537,PASS
T019_1,5,6796.702880894794,6796.8325046377295,direct,,21.58701806133884,PASS
T019_1,5,6796.8325046377295,6812.242869837899,direct,,21.632697804849386,PASS
T019_1,6,6812.242869837899,6888.549954202742,direct,,25.902754877149746,PASS
T019_1,6,6888.549954202742,6891.727225306649,direct,,44.92517525248826,PASS
T020,0,4047.0741999692646,4195.107285092962,direct,,18.396424967151823,PASS
T020,1,4195.107285092962,4485.074099969266,direct,,0.05058776915725183,PASS
T020,1,4485.074099969266,4485.074199969265,direct,,0.05058481752191746,PASS
T020,1,4485.074199969265,4696.699421309237,relay,R002,4.564486589104925,PASS
T020,2,4696.699421309237,4735.6191234576745,relay,R002,4.547353307379366,PASS
T020,3,4735.6191234576745,4945.6191234576745,relay,R002,4.547353307379366,PASS
T020,4,4945.6191234576745,4978.052208581372,relay,R002,4.547353307379366,PASS
T020,5,4978.052208581372,5479.644344797646,relay,R002,4.564399251245414,PASS
T020,6,5479.644344797646,5657.284046946084,direct,,18.39642496715181,PASS
T021,0,5673.549854202742,5753.5028103388095,direct,,24.102895398396285,PASS
T021,1,5753.5028103388095,6023.818209794217,direct,,8.773665138270266,PASS
T021,1,6023.818209794217,6294.133609249624,relay,R003,2.1702216187923113,PASS
T021,2,6294.133609249624,6332.797156612905,relay,R003,2.1632287616382335,PASS
T021,3,6332.797156612905,6542.797156612905,relay,R003,2.1632287616382335,PASS
T021,4,6542.797156612905,6575.0167794156405,relay,R003,2.1632287616382335,PASS
T021,5,6575.0167794156405,6791.549854202742,relay,R003,2.1706007106903797,PASS
T021,5,6791.549854202742,6796.8325046377295,relay,R003,3.9907712741949766,PASS
T021,5,6796.8325046377295,6888.549854202742,relay,R003,2.8375028385117673,PASS
T021,5,6888.549854202742,6888.549954202742,direct,,0.28152191332602783,PASS
T021,5,6888.549954202742,7115.647578326455,direct,,0.28152572219823746,PASS
T021,6,7115.647578326455,7211.591125689736,direct,,24.102895398396285,PASS
T022,0,4650.571699124282,4705.74800324212,direct,,27.686789494765115,PASS
T022,1,4705.74800324212,4944.192690272234,direct,,1.8029166656493398,PASS
T022,1,4944.192690272234,5182.63737730235,relay,R003,3.720701996552359,PASS
T022,2,5182.63737730235,5207.928942243756,relay,R003,5.039636794763826,PASS
T022,3,5207.928942243756,5417.928942243756,relay,R003,5.0396367947638225,PASS
T022,4,5417.928942243756,5439.005246361595,relay,R003,5.0396367947638225,PASS
T022,5,5439.005246361595,5677.449933391709,relay,R003,3.7207019965532435,PASS
T022,5,5677.449933391709,5915.894620421825,direct,,1.8029166656475049,PASS
T022,6,5915.894620421825,5982.106185363231,direct,,27.686789494765073,PASS
