sortie,phase,phase_index,start,end,mode,relay_sortie,margin_lower_db,proof,status
T001,climb,0,510.0,568.1426440429688,direct,,29.982830377148545,obstruction_upper_bound,PASS
T001,cruise,1,568.1426440429688,731.0,direct,,4.176243416504484,obstruction_upper_bound,PASS
T001,cruise,1,731.0,772.3697837050219,direct,,2.2142767659980365,obstruction_upper_bound,PASS
T001,descent,2,772.3697837050219,802.0,direct,,2.2142767659980365,obstruction_upper_bound,PASS
T001,descent,2,802.0,816.8980887587328,direct,,2.2195214966935755,obstruction_upper_bound,PASS
T001,handoff,3,816.8980887587328,1248.8980887587327,direct,,2.2209329737202967,obstruction_upper_bound,PASS
T001,climb,4,1248.8980887587327,1284.5207328017013,direct,,2.2142767659980365,obstruction_upper_bound,PASS
T001,cruise,5,1284.5207328017013,1488.7478724637544,direct,,2.2142767659980365,obstruction_upper_bound,PASS
T001,descent,6,1488.7478724637544,1561.4261775174655,direct,,29.982830377148545,obstruction_upper_bound,PASS
T002,climb,0,1719.0,1807.3506103515624,direct,,24.160616126613668,obstruction_upper_bound,PASS
T002,cruise,1,1807.3506103515624,2211.4089689015445,relay,R002,0.28939259213529667,independent_swept_cells,PASS
T002,descent,2,2211.4089689015445,2227.8297013234196,relay,R002,0.28939259213529667,independent_swept_cells,PASS
T002,handoff,3,2227.8297013234196,2437.8297013234196,relay,R002,0.28939259213529667,independent_swept_cells,PASS
T002,climb,4,2437.8297013234196,2464.775740141779,relay,R002,0.28939259213529667,independent_swept_cells,PASS
T002,cruise,5,2464.775740141779,3051.0,relay,R002,0.28939259213529667,independent_swept_cells,PASS
T002,cruise,5,3051.0,3134.932126243044,relay,R001,3.047011517928251,obstruction_upper_bound,PASS
T002,descent,6,3134.932126243044,3168.547372825075,relay,R001,2.916287346872787,obstruction_upper_bound,PASS
T002,handoff,7,3168.547372825075,3348.547372825075,relay,R001,2.916287346872787,obstruction_upper_bound,PASS
T002,climb,8,3348.547372825075,3399.6575311095803,relay,R001,2.916287346872787,obstruction_upper_bound,PASS
T002,cruise,9,3399.6575311095803,3777.476000743442,relay,R001,5.684936344501038,independent_swept_cells,PASS
T002,descent,10,3777.476000743442,3927.128190684848,direct,,20.962509130395112,obstruction_upper_bound,PASS
T003,climb,0,450.0,508.14264404296875,direct,,29.982830377148545,obstruction_upper_bound,PASS
T003,cruise,1,508.14264404296875,712.3697837050219,direct,,2.2142767659980365,obstruction_upper_bound,PASS
T003,descent,2,712.3697837050219,731.0,direct,,2.2142767659980365,obstruction_upper_bound,PASS
T003,descent,2,731.0,756.8980887587328,direct,,2.217952702313939,obstruction_upper_bound,PASS
T003,handoff,3,756.8980887587328,802.0,direct,,2.2209329737202967,obstruction_upper_bound,PASS
T003,handoff,3,802.0,1116.8980887587327,direct,,2.2209329737202967,obstruction_upper_bound,PASS
T003,climb,4,1116.8980887587327,1152.5207328017013,direct,,2.2142767659980365,obstruction_upper_bound,PASS
T003,cruise,5,1152.5207328017013,1356.7478724637544,direct,,2.2142767659980365,obstruction_upper_bound,PASS
T003,descent,6,1356.7478724637544,1429.4261775174655,direct,,29.982830377148545,obstruction_upper_bound,PASS
T004,climb,0,390.0,445.1763041178385,direct,,28.686789494765073,obstruction_upper_bound,PASS
T004,cruise,1,445.1763041178385,731.0,direct,,1.2321131400606937,obstruction_upper_bound,PASS
T004,cruise,1,731.0,802.0,relay,R003,0.30817822248386584,independent_swept_cells,PASS
T004,cruise,1,802.0,922.0656781780683,relay,R002,0.28939259213529667,obstruction_upper_bound,PASS
T004,descent,2,922.0656781780683,947.3572431194746,relay,R002,0.28939259213529667,obstruction_upper_bound,PASS
T004,handoff,3,947.3572431194746,1127.3572431194746,relay,R002,0.28939259213529667,obstruction_upper_bound,PASS
T004,climb,4,1127.3572431194746,1160.1194603232507,relay,R002,0.28939259213529667,obstruction_upper_bound,PASS
T004,cruise,5,1160.1194603232507,1304.3596865163627,relay,R002,0.28939259213529667,obstruction_upper_bound,PASS
T004,descent,6,1304.3596865163627,1347.8743471608939,relay,R002,0.28939259213529667,obstruction_upper_bound,PASS
T004,handoff,7,1347.8743471608939,1557.8743471608939,relay,R002,0.28939259213529667,obstruction_upper_bound,PASS
T004,climb,8,1557.8743471608939,1588.4470400319876,relay,R002,0.28939259213529667,obstruction_upper_bound,PASS
T004,cruise,9,1588.4470400319876,1608.0,relay,R002,0.28939259213529667,obstruction_upper_bound,PASS
T004,cruise,9,1608.0,2208.0527273910793,relay,R002,0.28939259213529667,independent_swept_cells,PASS
T004,descent,10,2208.0527273910793,2281.4599588363917,direct,,27.67445965789763,obstruction_upper_bound,PASS
T005,climb,0,390.0,438.45220336914065,direct,,29.982830377148545,obstruction_upper_bound,PASS
T005,cruise,1,438.45220336914065,693.736127946707,direct,,2.2142767659980365,obstruction_upper_bound,PASS
T005,descent,2,693.736127946707,729.3587719896758,direct,,2.2142767659980365,obstruction_upper_bound,PASS
T005,handoff,3,729.3587719896758,731.0,direct,,2.2209329737202967,obstruction_upper_bound,PASS
T005,handoff,3,731.0,802.0,direct,,2.2209329737202967,obstruction_upper_bound,PASS
T005,handoff,3,802.0,969.3587719896758,direct,,2.2209329737202967,obstruction_upper_bound,PASS
T005,climb,4,969.3587719896758,999.0443086921498,direct,,2.2142767659980365,obstruction_upper_bound,PASS
T005,cruise,5,999.0443086921498,1254.3282332697163,direct,,2.2142767659980365,obstruction_upper_bound,PASS
T005,descent,6,1254.3282332697163,1312.470877312685,direct,,29.982830377148545,obstruction_upper_bound,PASS
T006,climb,0,3401.0,3456.8872517903646,direct,,28.560414627442945,obstruction_upper_bound,PASS
T006,cruise,1,3456.8872517903646,3644.697107386449,direct,,2.9375573644603516,obstruction_upper_bound,PASS
T006,descent,2,3644.697107386449,3678.001809534886,direct,,2.9375573644603516,obstruction_upper_bound,PASS
T006,handoff,3,3678.001809534886,3918.001809534886,direct,,2.9472034845106343,obstruction_upper_bound,PASS
T006,climb,4,3918.001809534886,3945.7557279919174,direct,,2.9375573644603516,obstruction_upper_bound,PASS
T006,cruise,5,3945.7557279919174,4133.565583588002,direct,,2.9375573644603516,obstruction_upper_bound,PASS
T006,descent,6,4133.565583588002,4200.630285736439,direct,,28.56041462744298,obstruction_upper_bound,PASS
T007,climb,0,2672.0,2816.701379394531,direct,,19.60358375633274,obstruction_upper_bound,PASS
T007,cruise,1,2816.701379394531,3051.0,direct,,2.872787544864252,obstruction_upper_bound,PASS
T007,cruise,1,3051.0,3421.7901744740184,relay,R001,3.7587454737388803,independent_swept_cells,PASS
T007,descent,2,3421.7901744740184,3511.111829747456,relay,R001,3.7243562827461787,independent_swept_cells,PASS
T007,handoff,3,3511.111829747456,3721.111829747456,relay,R001,3.7243562827461787,independent_swept_cells,PASS
T007,climb,4,3721.111829747456,3772.839612950581,relay,R001,3.7243562827461787,independent_swept_cells,PASS
T007,cruise,5,3772.839612950581,3990.702633776762,relay,R001,3.751013713102269,independent_swept_cells,PASS
T007,descent,6,3990.702633776762,3998.375973620512,relay,R001,5.547353307379366,independent_swept_cells,PASS
T007,handoff,7,3998.375973620512,4178.375973620512,relay,R001,5.547353307379366,independent_swept_cells,PASS
T007,climb,8,4178.375973620512,4210.80905874421,relay,R001,5.547353307379366,independent_swept_cells,PASS
T007,cruise,9,4210.80905874421,4712.401194960485,relay,R001,5.564399251245414,independent_swept_cells,PASS
T007,descent,10,4712.401194960485,4890.040897108922,direct,,19.39642496715183,obstruction_upper_bound,PASS
T008,climb,0,390.0,539.2812744140625,direct,,19.320069836068832,obstruction_upper_bound,PASS
T008,cruise,1,539.2812744140625,731.0,direct,,2.675574616531801,obstruction_upper_bound,PASS
T008,cruise,1,731.0,802.0,relay,R003,0.7188306771577473,independent_swept_cells,PASS
T008,cruise,1,802.0,900.0085824475755,relay,R003,0.703975495324972,obstruction_upper_bound,PASS
T008,descent,2,900.0085824475755,989.8261117444505,relay,R003,0.7188306771577473,obstruction_upper_bound,PASS
T008,handoff,3,989.8261117444505,1229.8261117444504,relay,R003,0.7188306771577473,obstruction_upper_bound,PASS
T008,climb,4,1229.8261117444504,1304.6740528251796,relay,R003,0.7188306771577473,obstruction_upper_bound,PASS
T008,cruise,5,1304.6740528251796,1608.0,relay,R003,0.7188306771577473,independent_swept_cells,PASS
T008,cruise,5,1608.0,1665.4013608586924,direct,,12.287203077127874,obstruction_upper_bound,PASS
T008,descent,6,1665.4013608586924,1844.5388901555675,direct,,19.320069836068832,obstruction_upper_bound,PASS
T009,climb,0,1945.0,2025.2384989420573,direct,,25.06911862942026,obstruction_upper_bound,PASS
T009,cruise,1,2025.2384989420573,2237.3070932374985,direct,,1.8735394127871192,obstruction_upper_bound,PASS
T009,descent,2,2237.3070932374985,2258.7532919679675,direct,,1.8735394127871192,obstruction_upper_bound,PASS
T009,handoff,3,2258.7532919679675,2498.7532919679675,direct,,1.882429799933238,obstruction_upper_bound,PASS
T009,climb,4,2498.7532919679675,2516.625124243358,direct,,1.8735394127871192,obstruction_upper_bound,PASS
T009,cruise,5,2516.625124243358,2728.693718538799,direct,,1.8735394127871192,obstruction_upper_bound,PASS
T009,descent,6,2728.693718538799,2824.979917269268,direct,,25.06911862942026,obstruction_upper_bound,PASS
T010,climb,0,2235.0,2331.2861987304686,direct,,25.069118629420267,obstruction_upper_bound,PASS
T010,cruise,1,2331.2861987304686,2543.35479302591,direct,,1.8735394127871192,obstruction_upper_bound,PASS
T010,descent,2,2543.35479302591,2570.162541438996,direct,,1.8735394127871192,obstruction_upper_bound,PASS
T010,handoff,3,2570.162541438996,2858.162541438996,direct,,1.882429799933238,obstruction_upper_bound,PASS
T010,climb,4,2858.162541438996,2967.436828548371,direct,,1.811985579259483,obstruction_upper_bound,PASS
T010,cruise,5,2967.436828548371,3051.0,direct,,0.5064796289726203,obstruction_upper_bound,PASS
T010,cruise,5,3051.0,3135.2028209483087,relay,R001,3.21256603135382,obstruction_upper_bound,PASS
T010,descent,6,3135.2028209483087,3254.9456798350275,relay,R001,2.916287346872787,obstruction_upper_bound,PASS
T010,handoff,7,3254.9456798350275,3578.9456798350275,relay,R001,2.916287346872787,obstruction_upper_bound,PASS
T010,climb,8,3578.9456798350275,3640.277869776434,relay,R001,2.916287346872787,obstruction_upper_bound,PASS
T010,cruise,9,3640.277869776434,3942.532645483523,relay,R001,5.684936344501038,independent_swept_cells,PASS
T010,descent,10,3942.532645483523,4129.5978829102805,direct,,20.962509130395112,obstruction_upper_bound,PASS
T011,climb,0,360.0,459.796787516276,direct,,23.02154674108874,obstruction_upper_bound,PASS
T011,cruise,1,459.796787516276,731.0,direct,,1.6635946786496554,obstruction_upper_bound,PASS
T011,cruise,1,731.0,802.0,relay,R003,0.7188306771577473,independent_swept_cells,PASS
T011,cruise,1,802.0,1076.33339936026,relay,R003,0.6379286577039203,independent_swept_cells,PASS
T011,descent,2,1076.33339936026,1135.2495443797914,relay,R003,0.6259912995168424,independent_swept_cells,PASS
T011,handoff,3,1135.2495443797914,1345.2495443797914,relay,R003,0.6259912995168424,independent_swept_cells,PASS
T011,climb,4,1345.2495443797914,1394.3463318960673,relay,R003,0.6259912995168424,independent_swept_cells,PASS
T011,cruise,5,1394.3463318960673,1608.0,relay,R003,0.6379286577039203,independent_swept_cells,PASS
T011,cruise,5,1608.0,2010.8829437400514,relay,R002,0.28939259213529667,independent_swept_cells,PASS
T011,descent,6,2010.8829437400514,2130.6390887595826,direct,,23.02154674108874,obstruction_upper_bound,PASS
T012,climb,0,1910.0,1983.4072314453124,direct,,27.674459657897643,obstruction_upper_bound,PASS
T012,cruise,1,1983.4072314453124,2479.091781332586,relay,R002,0.28939259213529667,independent_swept_cells,PASS
T012,descent,2,2479.091781332586,2524.9508206392265,relay,R002,0.28939259213529667,obstruction_upper_bound,PASS
T012,handoff,3,2524.9508206392265,2920.9508206392265,relay,R002,0.28939259213529667,obstruction_upper_bound,PASS
T012,climb,4,2920.9508206392265,2957.638052084539,relay,R002,0.28939259213529667,obstruction_upper_bound,PASS
T012,cruise,5,2957.638052084539,3051.0,relay,R002,0.28939259213529667,obstruction_upper_bound,PASS
T012,cruise,5,3051.0,3453.322601971812,relay,R002,0.28939259213529667,independent_swept_cells,PASS
T012,descent,6,3453.322601971812,3545.081641278453,direct,,27.67445965789763,obstruction_upper_bound,PASS
T013,climb,0,2235.0,2314.9529561360678,direct,,25.102895398396285,obstruction_upper_bound,PASS
T013,cruise,1,2314.9529561360678,2855.5837550468827,relay,R002,0.28939259213529667,independent_swept_cells,PASS
T013,descent,2,2855.5837550468827,2894.2473024101637,relay,R002,0.28939259213529667,independent_swept_cells,PASS
T013,handoff,3,2894.247302410164,3051.0,relay,R002,0.28939259213529667,independent_swept_cells,PASS
T013,handoff,3,3051.0,3134.247302410164,relay,R002,0.28939259213529667,independent_swept_cells,PASS
T013,climb,4,3134.247302410164,3166.466925212899,relay,R002,0.28939259213529667,independent_swept_cells,PASS
T013,cruise,5,3166.466925212899,3707.0977241237133,relay,R002,0.28939259213529667,independent_swept_cells,PASS
T013,descent,6,3707.0977241237133,3803.041271486995,direct,,25.102895398396285,obstruction_upper_bound,PASS
T014,climb,0,2543.0,2609.236962890625,direct,,26.90275487714976,obstruction_upper_bound,PASS
T014,cruise,1,2609.236962890625,3051.0,relay,R002,0.28939259213529667,independent_swept_cells,PASS
T014,cruise,1,3051.0,3051.071363532149,relay,R001,2.545036320054585,independent_swept_cells,PASS
T014,descent,2,3051.071363532149,3103.635719000899,relay,R001,2.519850895170171,independent_swept_cells,PASS
T014,handoff,3,3103.635719000899,3313.635719000899,relay,R001,2.519850895170171,independent_swept_cells,PASS
T014,climb,4,3313.635719000899,3370.5712455308467,relay,R001,2.519850895170171,independent_swept_cells,PASS
T014,cruise,5,3370.5712455308467,3588.613749284754,relay,R002,0.28939259213529667,independent_swept_cells,PASS
T014,descent,6,3588.613749284754,3643.6163811206916,relay,R002,0.28939259213529667,independent_swept_cells,PASS
T014,handoff,7,3643.6163811206916,3823.6163811206916,relay,R002,0.28939259213529667,independent_swept_cells,PASS
T014,climb,8,3823.6163811206916,3880.2627698739466,relay,R002,0.28939259213529667,independent_swept_cells,PASS
T014,cruise,9,3880.2627698739466,4525.733748436611,relay,R002,0.28939259213529667,independent_swept_cells,PASS
T014,descent,10,4525.733748436611,4633.949414940516,direct,,23.968262608738186,obstruction_upper_bound,PASS
T015,climb,0,390.0,492.6455118815104,direct,,22.759839664518097,obstruction_upper_bound,PASS
T015,cruise,1,492.6455118815104,731.0,direct,,0.8510806999622158,obstruction_upper_bound,PASS
T015,cruise,1,731.0,802.0,relay,R003,0.7188306771577473,independent_swept_cells,PASS
T015,cruise,1,802.0,811.207731972695,relay,R003,0.7188306771577473,independent_swept_cells,PASS
T015,descent,2,811.207731972695,844.8223462305075,relay,R003,0.7188306771577473,independent_swept_cells,PASS
T015,handoff,3,844.8223462305075,1084.8223462305075,relay,R003,0.7188306771577473,independent_swept_cells,PASS
T015,climb,4,1084.8223462305075,1112.8345247786847,relay,R003,0.7188306771577473,independent_swept_cells,PASS
T015,cruise,5,1112.8345247786847,1431.3967448698693,relay,R003,0.7188306771577473,independent_swept_cells,PASS
T015,descent,6,1431.3967448698693,1554.5713591276817,direct,,22.759839664518097,obstruction_upper_bound,PASS
T016,climb,0,4994.0,5060.236962890625,direct,,26.902754877149746,obstruction_upper_bound,PASS
T016,cruise,1,5060.236962890625,5502.071363532149,relay,R001,2.5447792394582844,independent_swept_cells,PASS
T016,descent,2,5502.071363532149,5554.6357190008985,relay,R001,2.519850895170171,independent_swept_cells,PASS
T016,handoff,3,5554.6357190008985,5764.6357190008985,relay,R001,2.519850895170171,independent_swept_cells,PASS
T016,climb,4,5764.6357190008985,5808.43934855819,relay,R001,2.519850895170171,independent_swept_cells,PASS
T016,cruise,5,5808.43934855819,5847.0,relay,R001,2.545036320054585,independent_swept_cells,PASS
T016,cruise,5,5847.0,5912.0,relay,R001,3.2405756599197417,independent_swept_cells,PASS
T016,cruise,5,5912.0,6081.136874599857,direct,,9.768371160687368,independent_swept_cells,PASS
T016,cruise,5,6081.136874599857,6250.273749199714,direct,,5.763840058487611,obstruction_upper_bound,PASS
T016,descent,6,6250.273749199714,6329.7581046684645,direct,,26.902754877149746,obstruction_upper_bound,PASS
T017,climb,0,360.0,448.3506103515625,direct,,24.16061612661366,obstruction_upper_bound,PASS
T017,cruise,1,448.3506103515625,731.0,direct,,1.3140492967272923,obstruction_upper_bound,PASS
T017,cruise,1,731.0,802.0,relay,R003,0.7188306771577473,independent_swept_cells,PASS
T017,cruise,1,802.0,852.4089689015445,relay,R003,0.7188306771577473,independent_swept_cells,PASS
T017,descent,2,852.4089689015445,868.8297013234195,relay,R003,0.7188306771577473,independent_swept_cells,PASS
T017,handoff,3,868.8297013234195,1048.8297013234196,relay,R003,0.7188306771577473,independent_swept_cells,PASS
T017,climb,4,1048.8297013234196,1077.1051570525863,relay,R003,0.7188306771577473,independent_swept_cells,PASS
T017,cruise,5,1077.1051570525863,1315.7669834571802,relay,R003,0.6385052986696653,independent_swept_cells,PASS
T017,descent,6,1315.7669834571802,1378.4575303321803,relay,R003,0.6259912995168424,independent_swept_cells,PASS
T017,handoff,7,1378.45753033218,1558.45753033218,relay,R003,0.6259912995168424,independent_swept_cells,PASS
T017,climb,8,1558.45753033218,1607.554317848456,relay,R003,0.6259912995168424,independent_swept_cells,PASS
T017,cruise,9,1607.554317848456,1608.0,relay,R003,0.6379286577039203,independent_swept_cells,PASS
T017,cruise,9,1608.0,2224.09092969244,relay,R002,0.28939259213529667,independent_swept_cells,PASS
T017,descent,10,2224.09092969244,2343.8470747119713,direct,,23.02154674108874,obstruction_upper_bound,PASS
T018,climb,0,4026.0,4199.641655273437,direct,,19.603583756332743,obstruction_upper_bound,PASS
T018,cruise,1,4199.641655273437,4683.7126913370275,relay,R001,3.7581660646969492,independent_swept_cells,PASS
T018,descent,2,4683.7126913370275,4795.364760428824,relay,R001,3.7243562827461787,independent_swept_cells,PASS
T018,handoff,3,4795.364760428824,5191.364760428824,relay,R001,3.7243562827461787,independent_swept_cells,PASS
T018,climb,4,5191.364760428824,5280.686415702262,relay,R001,3.7243562827461787,independent_swept_cells,PASS
T018,cruise,5,5280.686415702262,5764.757451765851,relay,R001,3.7581660646969492,independent_swept_cells,PASS
T018,descent,6,5764.757451765851,5847.0,direct,,19.603583756332732,obstruction_upper_bound,PASS
T018,descent,6,5847.0,5912.0,direct,,24.000220933665,obstruction_upper_bound,PASS
T018,descent,6,5912.0,5981.809520857649,direct,,30.389768787831784,obstruction_upper_bound,PASS
T019,climb,0,4580.0,4688.2156665039065,direct,,23.968262608738186,obstruction_upper_bound,PASS
T019,cruise,1,4688.2156665039065,5204.592449354038,relay,R002,0.28939259213529667,independent_swept_cells,PASS
T019,descent,2,5204.592449354038,5289.56203248392,relay,R002,0.28939259213529667,independent_swept_cells,PASS
T019,handoff,3,5289.56203248392,5649.56203248392,relay,R002,0.28939259213529667,independent_swept_cells,PASS
T019,climb,4,5649.56203248392,5717.537698987827,relay,R002,0.28939259213529667,independent_swept_cells,PASS
T019,cruise,5,5717.537698987827,5847.0,relay,R002,0.28939259213529667,independent_swept_cells,PASS
T019,cruise,5,5847.0,5912.0,relay,R001,1.0696993388611435,independent_swept_cells,PASS
T019,cruise,5,5912.0,6072.957240918979,direct,,8.257443014045425,independent_swept_cells,PASS
T019,cruise,5,6072.957240918979,6233.914481837958,direct,,4.243202743897841,obstruction_upper_bound,PASS
T019,descent,6,6233.914481837958,6369.184064967842,direct,,23.968262608738186,obstruction_upper_bound,PASS
T020,climb,0,4288.0,4436.033085123698,direct,,19.396424967151823,obstruction_upper_bound,PASS
T020,cruise,1,4436.033085123698,4937.625221339972,relay,R001,5.564399251245414,independent_swept_cells,PASS
T020,descent,2,4937.625221339972,4976.544923488409,relay,R001,5.547353307379366,independent_swept_cells,PASS
T020,handoff,3,4976.54492348841,5186.54492348841,relay,R001,5.547353307379366,independent_swept_cells,PASS
T020,climb,4,5186.54492348841,5218.978008612108,relay,R001,5.547353307379366,independent_swept_cells,PASS
T020,cruise,5,5218.978008612108,5720.570144828382,relay,R001,5.564399251245414,independent_swept_cells,PASS
T020,descent,6,5720.570144828382,5847.0,direct,,19.39642496715181,obstruction_upper_bound,PASS
T020,descent,6,5847.0,5898.209846976819,direct,,31.27532042622316,obstruction_upper_bound,PASS
T021,climb,0,4164.0,4243.952956136068,direct,,25.102895398396285,obstruction_upper_bound,PASS
T021,cruise,1,4243.952956136068,4784.583755046882,relay,R002,0.28939259213529667,independent_swept_cells,PASS
T021,descent,2,4784.583755046882,4823.247302410164,relay,R002,0.28939259213529667,independent_swept_cells,PASS
T021,handoff,3,4823.247302410164,5033.247302410164,relay,R002,0.28939259213529667,independent_swept_cells,PASS
T021,climb,4,5033.247302410164,5065.466925212899,relay,R002,0.28939259213529667,independent_swept_cells,PASS
T021,cruise,5,5065.466925212899,5606.097724123713,relay,R002,0.28939259213529667,independent_swept_cells,PASS
T021,descent,6,5606.097724123713,5702.041271486994,direct,,25.102895398396285,obstruction_upper_bound,PASS
T022,climb,0,3849.0,3904.1763041178383,direct,,28.686789494765115,obstruction_upper_bound,PASS
T022,cruise,1,3904.1763041178383,4381.065678178068,relay,R002,0.28939259213529667,independent_swept_cells,PASS
T022,descent,2,4381.065678178068,4406.357243119474,relay,R002,0.28939259213529667,obstruction_upper_bound,PASS
T022,handoff,3,4406.357243119474,4616.357243119474,relay,R002,0.28939259213529667,obstruction_upper_bound,PASS
T022,climb,4,4616.357243119474,4637.433547237313,relay,R002,0.28939259213529667,obstruction_upper_bound,PASS
T022,cruise,5,4637.433547237313,5114.322921297543,relay,R002,0.28939259213529667,independent_swept_cells,PASS
T022,descent,6,5114.322921297543,5180.534486238949,direct,,28.686789494765073,obstruction_upper_bound,PASS
T023,climb,0,4561.0,4627.236962890625,direct,,26.902754877149746,obstruction_upper_bound,PASS
T023,cruise,1,4627.236962890625,4980.704483403844,relay,R001,2.5447792394582844,independent_swept_cells,PASS
T023,descent,2,4980.704483403844,5033.268838872594,relay,R001,2.519850895170171,independent_swept_cells,PASS
T023,handoff,3,5033.268838872594,5243.268838872595,relay,R001,2.519850895170171,independent_swept_cells,PASS
T023,climb,4,5243.268838872595,5287.072468429886,relay,R001,2.519850895170171,independent_swept_cells,PASS
T023,cruise,5,5287.072468429886,5640.539988943105,relay,R001,2.5447792394582844,independent_swept_cells,PASS
T023,descent,6,5640.539988943105,5720.024344411855,direct,,26.902754877149746,obstruction_upper_bound,PASS
