scheme,model,available_aircraft,used_aircraft,peak_simultaneous_aircraft,sorties,delivered_kg,average_kg_per_sortie,energy_kwh,occupied_hours,aircraft_occupancy_pct
28_earliest,A,4,4,4,14,207.0,14.785714285714286,31.662568594535685,7.073534552578526,86.60991501688764
28_earliest,B,2,2,2,8,177.0,22.125,18.00274894428116,4.034375069428744,98.79555385280482
28_earliest,C,2,2,2,6,374.0,62.333333333333336,27.394141477573605,3.3665348514025433,82.44118840843898
fast26_research__plan,A,4,4,4,13,227.0,17.46153846153846,29.678080179965278,6.646608747191464,95.2013215460889
fast26_research__plan,B,2,2,2,7,157.0,22.428571428571427,15.266607700666155,3.416890243757226,97.88223713967778
fast26_research__plan,C,2,2,2,6,374.0,62.333333333333336,27.394141477573605,3.3665348514025433,96.43972710742611
fixed28_seed2026__plan,A,4,4,4,14,219.0,15.642857142857142,31.59890951517612,7.1078504555295625,92.29452683987792
fixed28_seed2026__plan,B,2,2,2,7,157.0,22.428571428571427,17.1011304930311,3.6982165768691355,96.041736175807
fixed28_seed2026__plan,C,2,2,2,7,382.0,54.57142857142857,29.214245172038755,3.685271204419248,95.70554817283659
research_24__both_food_plan,A,4,4,4,10,196.0,19.6,25.72867538379194,5.588195134870688,73.3751976484011
research_24__both_food_plan,B,2,2,2,8,190.0,23.75,16.258255039744572,3.7973870234170026,99.72236712064772
research_24__both_food_plan,C,2,2,2,6,372.0,62.0,27.47360797273586,3.3482015180692097,87.92640279219236
research_24__fod_to_j015_plan,A,4,4,4,11,210.0,19.09090909090909,25.79592235121918,5.74028025575847,78.69701549263212
research_24__fod_to_j015_plan,B,2,2,2,7,165.0,23.571428571428573,16.044796611404205,3.6108830437541206,99.00761153650451
research_24__fod_to_j015_plan,C,2,2,2,6,383.0,63.833333333333336,27.6892705267553,3.3848681847358764,92.81045945708094
research_24__fod_to_j020_plan,A,4,4,4,10,185.0,18.5,24.45596142665702,5.375705012060502,58.733178458036136
research_24__fod_to_j020_plan,B,2,2,2,7,160.0,22.857142857142858,14.33761947374573,3.330460118513221,72.77501576041006
research_24__fod_to_j020_plan,C,2,2,2,7,413.0,59.0,32.92359851631744,4.048142984023602,88.45734792771742
research_24__med_to_j005_plan,A,4,4,4,11,207.0,18.818181818181817,24.921020937492965,5.5775852962673795,74.76681645402607
research_24__med_to_j005_plan,B,2,2,2,7,163.0,23.285714285714285,16.320494887651396,3.703923001820362,99.30122679514204
research_24__med_to_j005_plan,C,2,2,2,6,388.0,64.66666666666667,27.892332476584443,3.3848681847358764,90.74744888566117
research_24__med_to_j015_plan,A,4,4,4,11,210.0,19.09090909090909,27.670684935618528,6.064857627321757,88.91003127928433
research_24__med_to_j015_plan,B,2,2,2,7,160.0,22.857142857142858,14.33761947374573,3.330460118513221,97.64823232699109
research_24__med_to_j015_plan,C,2,2,2,6,388.0,64.66666666666667,27.892332476584443,3.3848681847358764,99.24346280623908
research_24__s005_med_food_plan,A,4,4,4,10,188.0,18.8,23.43899501188433,5.243547726438756,61.57822543572651
research_24__s005_med_food_plan,B,2,2,2,7,140.0,20.0,14.178733309384972,3.2970219545653343,77.43793773863541
research_24__s005_med_food_plan,C,2,2,2,7,430.0,61.42857142857143,31.7765916322103,3.88876947380138,91.33645227177084
research_24__s005_med_hyg_plan,A,4,4,4,12,227.0,18.916666666666668,26.951412644259065,6.080151148406937,71.4029770744887
research_24__s005_med_hyg_plan,B,2,2,2,5,103.0,20.6,11.23873531352103,2.5389652152094677,59.63327905163202
research_24__s005_med_hyg_plan,C,2,2,2,7,428.0,61.142857142857146,31.74162223476279,3.88876947380138,91.33645227177084
research_24__s006_food_to_j002_plan,A,4,4,4,11,213.0,19.363636363636363,27.6277470433126,6.063873367015006,89.67403527020183
research_24__s006_food_to_j002_plan,B,2,2,2,7,165.0,23.571428571428573,14.484408942721387,3.347021954565335,98.99315062760907
research_24__s006_food_to_j002_plan,C,2,2,2,6,380.0,63.333333333333336,27.68212790514318,3.3665348514025433,99.57027356316435
research_24__s006_food_to_j002_weighted_plan,A,4,4,4,11,213.0,19.363636363636363,27.6277470433126,6.063873367015006,89.67403527020183
research_24__s006_food_to_j002_weighted_plan,B,2,2,2,7,165.0,23.571428571428573,14.484408942721387,3.347021954565335,98.99315062760907
research_24__s006_food_to_j002_weighted_plan,C,2,2,2,6,380.0,63.333333333333336,27.68212790514318,3.3665348514025433,99.57027356316435
research_24__s007_food_to_j011_plan,A,4,4,4,11,213.0,19.363636363636363,27.03963655101059,5.953754638875407,86.03677653635391
research_24__s007_food_to_j011_plan,B,2,2,2,7,165.0,23.571428571428573,15.034380999848022,3.4446148241755385,99.55517949842229
research_24__s007_food_to_j011_plan,C,2,2,2,6,380.0,63.333333333333336,27.63256931754048,3.3665348514025433,97.29853656403905
research_24__s011_merge_plan,A,4,4,4,11,210.0,19.09090909090909,25.79592235121918,5.740280255758471,83.25671155233444
research_24__s011_merge_plan,B,2,2,2,7,157.0,22.428571428571427,15.03884156006025,3.4162009621049423,99.09678462874895
research_24__s011_merge_plan,C,2,2,2,6,391.0,65.16666666666667,28.03104833372083,3.40320151806921,98.71969817505605
research_24__s011_merge_weighted_plan,A,4,4,4,11,207.0,18.818181818181817,26.657417891813104,5.846748930023964,84.80092739332747
research_24__s011_merge_weighted_plan,B,2,2,2,7,160.0,22.857142857142858,14.33761947374573,3.330460118513221,96.60962359649496
research_24__s011_merge_weighted_plan,C,2,2,2,6,391.0,65.16666666666667,28.03104833372083,3.40320151806921,98.71969817505605
research_24__s012_fod_to_j006_plan,A,4,4,4,10,188.0,18.8,23.536669281577538,5.249458526045178,66.82396889054438
research_24__s012_fod_to_j006_plan,B,2,2,2,8,190.0,23.75,17.247732506748594,3.887028744571443,98.96132586443389
research_24__s012_fod_to_j006_plan,C,2,2,2,6,380.0,63.333333333333336,27.68212790514318,3.3665348514025433,85.70987619499896
research_24__s013_fod_to_j003_plan,A,4,4,4,10,188.0,18.8,25.52542918109264,5.5428176109226275,73.42208010294439
research_24__s013_fod_to_j003_plan,B,2,2,2,8,190.0,23.75,16.305203837387378,3.763957896943163,99.71737755501213
research_24__s013_fod_to_j003_plan,C,2,2,2,6,380.0,63.333333333333336,27.68212790514318,3.3665348514025433,89.18857118514768
tail_repack_24__dominance_plan,A,4,4,4,11,210.0,19.09090909090909,26.614479999507175,5.845764669717213,84.78665173555459
tail_repack_24__dominance_plan,B,2,2,2,7,157.0,22.428571428571427,14.35895885883072,3.3303552878986684,96.60658268147031
tail_repack_24__dominance_plan,C,2,2,2,6,391.0,65.16666666666667,28.03104833372083,3.40320151806921,98.71969817505605
tail_repack_24__fastest_plan,A,4,4,4,12,227.0,18.916666666666668,27.925441166725825,6.211324173721933,90.0887068311405
tail_repack_24__fastest_plan,B,2,2,2,6,140.0,23.333333333333332,13.260534902824835,2.994249755323872,86.85687007862245
tail_repack_24__fastest_plan,C,2,2,2,6,391.0,65.16666666666667,28.03104833372083,3.40320151806921,98.71969817505605
tail_repack_24_early__dominance_plan,A,4,4,4,11,213.0,19.363636363636363,27.6277470433126,6.063873367015006,89.67403527020183
tail_repack_24_early__dominance_plan,B,2,2,2,7,165.0,23.571428571428573,14.484408942721387,3.347021954565335,98.99315062760907
tail_repack_24_early__dominance_plan,C,2,2,2,6,380.0,63.333333333333336,27.68212790514318,3.3665348514025433,99.57027356316435
tail_repack_24_early__fastest_plan,A,4,4,4,11,213.0,19.363636363636363,27.6277470433126,6.063873367015006,89.67403527020183
tail_repack_24_early__fastest_plan,B,2,2,2,7,165.0,23.571428571428573,14.484408942721387,3.347021954565335,98.99315062760907
tail_repack_24_early__fastest_plan,C,2,2,2,6,380.0,63.333333333333336,27.68212790514318,3.3665348514025433,99.57027356316435
tail_repack_24_time__dominance_plan,A,4,4,4,11,213.0,19.363636363636363,27.6277470433126,6.063873367015006,88.89560215002233
tail_repack_24_time__dominance_plan,B,2,2,2,7,157.0,22.428571428571427,14.35895885883072,3.3303552878986684,97.64515872039003
tail_repack_24_time__dominance_plan,C,2,2,2,6,388.0,64.66666666666667,27.892332476584443,3.3848681847358764,99.24346280623908
tail_repack_24_time__fastest_plan,A,4,4,4,11,213.0,19.363636363636363,27.6277470433126,6.063873367015006,88.89560215002233
tail_repack_24_time__fastest_plan,B,2,2,2,7,157.0,22.428571428571427,14.35895885883072,3.3303552878986684,97.64515872039003
tail_repack_24_time__fastest_plan,C,2,2,2,6,388.0,64.66666666666667,27.892332476584443,3.3848681847358764,99.24346280623908
tail_repack_25__dominance_plan,A,4,4,4,13,235.0,18.076923076923077,27.21645077023668,6.282555101030094,91.12183631337295
tail_repack_25__dominance_plan,B,2,2,2,6,132.0,22.0,14.66280164582981,3.187137021514302,92.45212284253583
tail_repack_25__dominance_plan,C,2,2,2,6,391.0,65.16666666666667,28.03104833372083,3.40320151806921,98.71969817505605
tail_repack_25__fastest_plan,A,4,4,4,12,227.0,18.916666666666668,26.951412644259065,6.080151148406937,88.18618043077146
tail_repack_25__fastest_plan,B,2,2,2,7,140.0,20.0,14.858616010614503,3.3828676287716086,98.12985493376512
tail_repack_25__fastest_plan,C,2,2,2,6,391.0,65.16666666666667,28.03104833372083,3.40320151806921,98.71969817505605
tail_repack_25__weighted_same_finish__plan,A,4,4,4,13,235.0,18.076923076923077,27.21645077023668,6.282555101030093,91.12183631337292
tail_repack_25__weighted_same_finish__plan,B,2,2,2,6,132.0,22.0,14.66280164582981,3.1871370215143022,92.45212284253584
tail_repack_25__weighted_same_finish__plan,C,2,2,2,6,391.0,65.16666666666667,28.03104833372083,3.40320151806921,98.71969817505605
tail_repack_26__dominance_plan,A,4,4,4,13,235.0,18.076923076923077,30.01946771253048,6.670330528623262,93.75034440149514
tail_repack_26__dominance_plan,B,2,2,2,7,149.0,21.285714285714285,14.91444863492067,3.400171706460818,95.57765305243841
tail_repack_26__dominance_plan,C,2,2,2,6,374.0,62.333333333333336,27.394141477573605,3.3665348514025433,94.63213266697488
tail_repack_26__fastest_plan,A,4,4,4,13,230.0,17.692307692307693,29.567322663350197,6.593903275813779,93.95598964685867
tail_repack_26__fastest_plan,B,2,2,2,7,154.0,22.0,15.35736906636446,3.4691311421267352,98.86273305488494
tail_repack_26__fastest_plan,C,2,2,2,6,374.0,62.333333333333336,27.394141477573605,3.3665348514025433,95.93896070764842
tail_repack_27__dominance_plan,A,4,4,4,14,235.0,16.785714285714285,31.054129173856033,6.960188343473134,92.19706329124561
tail_repack_27__dominance_plan,B,2,2,2,7,149.0,21.285714285714285,15.761225601835694,3.5232425540890993,93.34018009853769
tail_repack_27__dominance_plan,C,2,2,2,6,374.0,62.333333333333336,27.394141477573605,3.3665348514025433,89.18857118514768
tail_repack_27__fastest_plan,A,4,4,4,14,236.0,16.857142857142858,31.034124983652077,6.900963902930803,93.95367627754842
tail_repack_27__fastest_plan,B,2,2,2,7,148.0,21.142857142857142,15.74589142921344,3.5810123516808408,97.50790758167446
tail_repack_27__fastest_plan,C,2,2,2,6,374.0,62.333333333333336,27.394141477573605,3.3665348514025433,91.66786844702344
tail_repack_27__refined_dom_90s__plan,A,4,4,4,13,221.0,17.0,30.644124657778754,6.75895761819151,90.6029611054182
tail_repack_27__refined_dom_90s__plan,B,2,2,2,8,163.0,20.375,16.078703856489852,3.7139049369583508,99.56883991898523
tail_repack_27__refined_dom_90s__plan,C,2,2,2,6,374.0,62.333333333333336,27.394141477573605,3.3665348514025433,90.25593691569054
