scheme,sortie,model,resource_type,resource_id,activity,start_s,end_s
soft_delay_priority,T001,C,aircraft,U07,flight,0.0,2404.597882910281
soft_delay_priority,T001,C,battery,C01,flight,0.0,2404.597882910281
soft_delay_priority,T001,C,battery,C01,charging,2404.597882910281,4398.672189448818
soft_delay_priority,T002,C,aircraft,U08,flight,0.0,1495.4261775174655
soft_delay_priority,T002,C,battery,C02,flight,0.0,1495.4261775174655
soft_delay_priority,T002,C,battery,C02,charging,1495.4261775174655,3038.637095537719
soft_delay_priority,T003,C,aircraft,U08,flight,1495.4261775174655,3610.5078187959184
soft_delay_priority,T003,C,battery,C03,flight,1495.4261775174655,3610.5078187959184
soft_delay_priority,T003,C,battery,C03,charging,3610.5078187959184,6103.1735362475865
soft_delay_priority,T004,B,aircraft,U05,flight,0.0,1209.979917269268
soft_delay_priority,T004,B,battery,B01,flight,0.0,1209.979917269268
soft_delay_priority,T004,B,battery,B01,charging,1209.979917269268,2352.630298205151
soft_delay_priority,T005,B,aircraft,U06,flight,0.0,1440.9693925601796
soft_delay_priority,T005,B,battery,B02,flight,0.0,1440.9693925601796
soft_delay_priority,T005,B,battery,B02,charging,1440.9693925601796,2815.1225058287064
soft_delay_priority,T006,C,aircraft,U07,flight,2404.597882910281,3900.0240604277465
soft_delay_priority,T006,C,battery,C04,flight,2404.597882910281,3900.0240604277465
soft_delay_priority,T006,C,battery,C04,charging,3900.0240604277465,5457.214436097678
soft_delay_priority,T007,C,aircraft,U08,flight,3610.5078187959184,6046.317339653567
soft_delay_priority,T007,C,battery,C02,flight,3610.5078187959184,6046.317339653567
soft_delay_priority,T007,C,battery,C02,charging,6046.317339653567,8544.67161962808
soft_delay_priority,T008,B,aircraft,U05,flight,1209.979917269268,3317.260890291095
soft_delay_priority,T008,B,battery,B03,flight,1209.979917269268,3317.260890291095
soft_delay_priority,T008,B,battery,B03,charging,3317.260890291095,4965.759383785937
soft_delay_priority,T009,A,aircraft,U01,flight,0.0,2281.4599588363917
soft_delay_priority,T009,A,battery,A01,flight,0.0,2281.4599588363917
soft_delay_priority,T009,A,battery,A01,charging,2281.4599588363917,3649.403580614774
soft_delay_priority,T010,A,aircraft,U02,flight,0.0,1712.4416357195464
soft_delay_priority,T010,A,battery,A02,flight,0.0,1712.4416357195464
soft_delay_priority,T010,A,battery,A02,charging,1712.4416357195464,2761.062337358848
soft_delay_priority,T011,B,aircraft,U06,flight,1440.9693925601796,3548.2503655820065
soft_delay_priority,T011,B,battery,B04,flight,1440.9693925601796,3548.2503655820065
soft_delay_priority,T011,B,battery,B04,charging,3548.2503655820065,5221.432923006688
soft_delay_priority,T012,A,aircraft,U03,flight,0.0,2130.6390887595826
soft_delay_priority,T012,A,battery,A03,flight,0.0,2130.6390887595826
soft_delay_priority,T012,A,battery,A03,charging,2130.6390887595826,3488.424083728015
soft_delay_priority,T013,A,aircraft,U04,flight,0.0,1312.470877312685
soft_delay_priority,T013,A,battery,A04,flight,0.0,1312.470877312685
soft_delay_priority,T013,A,battery,A04,charging,1312.470877312685,2178.7887122874713
soft_delay_priority,T014,C,aircraft,U07,flight,4398.672189448818,6571.85625441666
soft_delay_priority,T014,C,battery,C01,flight,4398.672189448818,6571.85625441666
soft_delay_priority,T014,C,battery,C01,charging,6571.85625441666,8905.60730693794
soft_delay_priority,T015,B,aircraft,U05,flight,3317.260890291095,5275.3021617780905
soft_delay_priority,T015,B,battery,B01,flight,3317.260890291095,5275.3021617780905
soft_delay_priority,T015,B,battery,B01,charging,5275.3021617780905,7234.547789263681
soft_delay_priority,T016,B,aircraft,U06,flight,3548.2503655820065,5446.291637069002
soft_delay_priority,T016,B,battery,B02,flight,3548.2503655820065,5446.291637069002
soft_delay_priority,T016,B,battery,B02,charging,5446.291637069002,7313.473788986611
soft_delay_priority,T017,A,aircraft,U04,flight,1312.470877312685,3496.43027828567
soft_delay_priority,T017,A,battery,A05,flight,1312.470877312685,3496.43027828567
soft_delay_priority,T017,A,battery,A05,charging,3496.43027828567,4891.5950100041855
soft_delay_priority,T018,A,aircraft,U02,flight,1712.4416357195464,4260.482532828468
soft_delay_priority,T018,A,battery,A06,flight,1712.4416357195464,4260.482532828468
soft_delay_priority,T018,A,battery,A06,charging,4260.482532828468,5653.135283236679
soft_delay_priority,T019,A,aircraft,U03,flight,2178.7887122874713,3402.323925821952
soft_delay_priority,T019,A,battery,A04,flight,2178.7887122874713,3402.323925821952
soft_delay_priority,T019,A,battery,A04,charging,3402.323925821952,4236.132232700142
soft_delay_priority,T020,B,aircraft,U05,flight,5275.3021617780905,7558.434268462624
soft_delay_priority,T020,B,battery,B03,flight,5275.3021617780905,7558.434268462624
soft_delay_priority,T020,B,battery,B03,charging,7558.434268462624,9563.364402518835
soft_delay_priority,T021,A,aircraft,U01,flight,2761.062337358848,4456.820442027312
soft_delay_priority,T021,A,battery,A02,flight,2761.062337358848,4456.820442027312
soft_delay_priority,T021,A,battery,A02,charging,4456.820442027312,5572.014766507011
soft_delay_priority,T022,A,aircraft,U03,flight,3488.424083728015,5832.271158439987
soft_delay_priority,T022,A,battery,A03,flight,3488.424083728015,5832.271158439987
soft_delay_priority,T022,A,battery,A03,charging,5832.271158439987,7195.835141689561
soft_delay_priority,T023,A,aircraft,U04,flight,3649.403580614774,5345.1616852832385
soft_delay_priority,T023,A,battery,A01,flight,3649.403580614774,5345.1616852832385
soft_delay_priority,T023,A,battery,A01,charging,5345.1616852832385,6481.13799743944
soft_delay_priority,T024,B,aircraft,U06,flight,5446.291637069002,6965.315981480857
soft_delay_priority,T024,B,battery,B04,flight,5446.291637069002,6965.315981480857
soft_delay_priority,T024,B,battery,B04,charging,6965.315981480857,8429.998065419348
soft_delay_priority,T025,A,aircraft,U02,flight,4260.482532828468,5892.017019067417
soft_delay_priority,T025,A,battery,A04,flight,4260.482532828468,5892.017019067417
soft_delay_priority,T025,A,battery,A04,charging,5892.017019067417,7034.439456246651
soft_delay_priority,T026,A,aircraft,U01,flight,4891.5950100041855,6801.804856981005
soft_delay_priority,T026,A,battery,A05,flight,4891.5950100041855,6801.804856981005
soft_delay_priority,T026,A,battery,A05,charging,6801.804856981005,7984.869775288056
soft_delay_priority,T027,A,aircraft,U04,flight,5572.014766507011,7203.54925274596
soft_delay_priority,T027,A,battery,A02,flight,5572.014766507011,7203.54925274596
soft_delay_priority,T027,A,battery,A02,charging,7203.54925274596,8328.841355436422
soft_delay_priority,T028,A,aircraft,U03,flight,5832.271158439987,6995.806371974468
soft_delay_priority,T028,A,battery,A06,flight,5832.271158439987,6995.806371974468
soft_delay_priority,T028,A,battery,A06,charging,6995.806371974468,7814.9636121900685
zero_delay_efficient,T001,C,aircraft,U07,flight,0.0,1495.4261775174655
zero_delay_efficient,T001,C,battery,C01,flight,0.0,1495.4261775174655
zero_delay_efficient,T001,C,battery,C01,charging,1495.4261775174655,3038.637095537719
zero_delay_efficient,T002,C,aircraft,U08,flight,0.0,2115.081641278453
zero_delay_efficient,T002,C,battery,C02,flight,0.0,2115.081641278453
zero_delay_efficient,T002,C,battery,C02,charging,2115.081641278453,4607.747358730121
zero_delay_efficient,T003,B,aircraft,U05,flight,0.0,1209.979917269268
zero_delay_efficient,T003,B,battery,B01,flight,0.0,1209.979917269268
zero_delay_efficient,T003,B,battery,B01,charging,1209.979917269268,2352.630298205151
zero_delay_efficient,T004,C,aircraft,U07,flight,1495.4261775174655,3900.0240604277465
zero_delay_efficient,T004,C,battery,C03,flight,1495.4261775174655,3900.0240604277465
zero_delay_efficient,T004,C,battery,C03,charging,3900.0240604277465,5894.098366966284
zero_delay_efficient,T005,B,aircraft,U06,flight,0.0,1440.9693925601796
zero_delay_efficient,T005,B,battery,B02,flight,0.0,1440.9693925601796
zero_delay_efficient,T005,B,battery,B02,charging,1440.9693925601796,2815.1225058287064
zero_delay_efficient,T006,C,aircraft,U08,flight,2115.081641278453,3610.5078187959184
zero_delay_efficient,T006,C,battery,C04,flight,2115.081641278453,3610.5078187959184
zero_delay_efficient,T006,C,battery,C04,charging,3610.5078187959184,5167.698194465849
zero_delay_efficient,T007,B,aircraft,U05,flight,1209.979917269268,3317.260890291095
zero_delay_efficient,T007,B,battery,B03,flight,1209.979917269268,3317.260890291095
zero_delay_efficient,T007,B,battery,B03,charging,3317.260890291095,4965.759383785937
zero_delay_efficient,T008,A,aircraft,U01,flight,0.0,2281.4599588363917
zero_delay_efficient,T008,A,battery,A01,flight,0.0,2281.4599588363917
zero_delay_efficient,T008,A,battery,A01,charging,2281.4599588363917,3649.403580614774
zero_delay_efficient,T009,A,aircraft,U02,flight,0.0,1712.4416357195464
zero_delay_efficient,T009,A,battery,A02,flight,0.0,1712.4416357195464
zero_delay_efficient,T009,A,battery,A02,charging,1712.4416357195464,2761.062337358848
zero_delay_efficient,T010,B,aircraft,U06,flight,1440.9693925601796,3548.2503655820065
zero_delay_efficient,T010,B,battery,B04,flight,1440.9693925601796,3548.2503655820065
zero_delay_efficient,T010,B,battery,B04,charging,3548.2503655820065,5221.432923006688
zero_delay_efficient,T011,A,aircraft,U03,flight,0.0,2130.6390887595826
zero_delay_efficient,T011,A,battery,A03,flight,0.0,2130.6390887595826
zero_delay_efficient,T011,A,battery,A03,charging,2130.6390887595826,3488.424083728015
zero_delay_efficient,T012,A,aircraft,U04,flight,0.0,1312.470877312685
zero_delay_efficient,T012,A,battery,A04,flight,0.0,1312.470877312685
zero_delay_efficient,T012,A,battery,A04,charging,1312.470877312685,2178.7887122874713
zero_delay_efficient,T013,C,aircraft,U08,flight,3610.5078187959184,5783.6918837637595
zero_delay_efficient,T013,C,battery,C01,flight,3610.5078187959184,5783.6918837637595
zero_delay_efficient,T013,C,battery,C01,charging,5783.6918837637595,8117.442936285039
zero_delay_efficient,T014,C,aircraft,U07,flight,4607.747358730121,7043.55687958777
zero_delay_efficient,T014,C,battery,C02,flight,4607.747358730121,7043.55687958777
zero_delay_efficient,T014,C,battery,C02,charging,7043.55687958777,9541.911159562284
zero_delay_efficient,T015,B,aircraft,U05,flight,3317.260890291095,5215.3021617780905
zero_delay_efficient,T015,B,battery,B01,flight,3317.260890291095,5215.3021617780905
zero_delay_efficient,T015,B,battery,B01,charging,5215.3021617780905,7082.4843136957
zero_delay_efficient,T016,B,aircraft,U06,flight,3548.2503655820065,5506.291637069002
zero_delay_efficient,T016,B,battery,B02,flight,3548.2503655820065,5506.291637069002
zero_delay_efficient,T016,B,battery,B02,charging,5506.291637069002,7465.537264554592
zero_delay_efficient,T017,B,aircraft,U05,flight,5215.3021617780905,7498.434268462624
zero_delay_efficient,T017,B,battery,B03,flight,5215.3021617780905,7498.434268462624
zero_delay_efficient,T017,B,battery,B03,charging,7498.434268462624,9503.364402518835
zero_delay_efficient,T018,A,aircraft,U04,flight,1312.470877312685,3496.43027828567
zero_delay_efficient,T018,A,battery,A05,flight,1312.470877312685,3496.43027828567
zero_delay_efficient,T018,A,battery,A05,charging,3496.43027828567,4891.5950100041855
zero_delay_efficient,T019,A,aircraft,U02,flight,1712.4416357195464,4056.288710431518
zero_delay_efficient,T019,A,battery,A06,flight,1712.4416357195464,4056.288710431518
zero_delay_efficient,T019,A,battery,A06,charging,4056.288710431518,5419.852693681093
zero_delay_efficient,T020,A,aircraft,U03,flight,2178.7887122874713,4726.829609396393
zero_delay_efficient,T020,A,battery,A04,flight,2178.7887122874713,4726.829609396393
zero_delay_efficient,T020,A,battery,A04,charging,4726.829609396393,6119.482359804604
zero_delay_efficient,T021,A,aircraft,U01,flight,2761.062337358848,3984.597550893329
zero_delay_efficient,T021,A,battery,A02,flight,2761.062337358848,3984.597550893329
zero_delay_efficient,T021,A,battery,A02,charging,3984.597550893329,4818.405857771519
zero_delay_efficient,T022,A,aircraft,U04,flight,3496.43027828567,5192.188382954135
zero_delay_efficient,T022,A,battery,A03,flight,3496.43027828567,5192.188382954135
zero_delay_efficient,T022,A,battery,A03,charging,5192.188382954135,6307.382707433833
zero_delay_efficient,T023,C,aircraft,U08,flight,5783.6918837637595,7531.736524399572
zero_delay_efficient,T023,C,battery,C04,flight,5783.6918837637595,7531.736524399572
zero_delay_efficient,T023,C,battery,C04,charging,7531.736524399572,9394.759820938134
zero_delay_efficient,T024,A,aircraft,U01,flight,3984.597550893329,5616.132037132278
zero_delay_efficient,T024,A,battery,A01,flight,3984.597550893329,5616.132037132278
zero_delay_efficient,T024,A,battery,A01,charging,5616.132037132278,6758.554474311512
zero_delay_efficient,T025,A,aircraft,U02,flight,4818.405857771519,6728.6157047483375
zero_delay_efficient,T025,A,battery,A02,flight,4818.405857771519,6728.6157047483375
zero_delay_efficient,T025,A,battery,A02,charging,6728.6157047483375,7911.680623055388
zero_delay_efficient,T026,A,aircraft,U03,flight,4891.5950100041855,6055.1302235386665
zero_delay_efficient,T026,A,battery,A05,flight,4891.5950100041855,6055.1302235386665
zero_delay_efficient,T026,A,battery,A05,charging,6055.1302235386665,6874.287463754267
zero_delay_efficient,T027,B,aircraft,U06,flight,5506.291637069002,6947.070373683859
zero_delay_efficient,T027,B,battery,B04,flight,5506.291637069002,6947.070373683859
zero_delay_efficient,T027,B,battery,B04,charging,6947.070373683859,8371.035107269061
delivery_priority,T001,C,aircraft,U07,flight,0.0,2404.597882910281
delivery_priority,T001,C,battery,C01,flight,0.0,2404.597882910281
delivery_priority,T001,C,battery,C01,charging,2404.597882910281,4398.672189448818
delivery_priority,T002,C,aircraft,U08,flight,0.0,1561.4261775174655
delivery_priority,T002,C,battery,C02,flight,0.0,1561.4261775174655
delivery_priority,T002,C,battery,C02,charging,1561.4261775174655,3231.8737791612284
delivery_priority,T003,B,aircraft,U05,flight,0.0,1944.0244440219892
delivery_priority,T003,B,battery,B01,flight,0.0,1944.0244440219892
delivery_priority,T003,B,battery,B01,charging,1944.0244440219892,3808.1313217671122
delivery_priority,T004,B,aircraft,U06,flight,0.0,1859.7496914170222
delivery_priority,T004,B,battery,B02,flight,0.0,1859.7496914170222
delivery_priority,T004,B,battery,B02,charging,1859.7496914170222,3378.206629247983
delivery_priority,T005,A,aircraft,U01,flight,0.0,1312.470877312685
delivery_priority,T005,A,battery,A01,flight,0.0,1312.470877312685
delivery_priority,T005,A,battery,A01,charging,1312.470877312685,2178.7887122874713
delivery_priority,T006,A,aircraft,U02,flight,0.0,1964.902544172324
delivery_priority,T006,A,battery,A02,flight,0.0,1964.902544172324
delivery_priority,T006,A,battery,A02,charging,1964.902544172324,3122.963578532427
delivery_priority,T007,A,aircraft,U03,flight,0.0,1653.8524691732741
delivery_priority,T007,A,battery,A03,flight,0.0,1653.8524691732741
delivery_priority,T007,A,battery,A03,charging,1653.8524691732741,2717.9194882703496
delivery_priority,T008,A,aircraft,U04,flight,0.0,1316.0142144169886
delivery_priority,T008,A,battery,A04,flight,0.0,1316.0142144169886
delivery_priority,T008,A,battery,A04,charging,1316.0142144169886,2194.736329391266
delivery_priority,T009,C,aircraft,U08,flight,1561.4261775174655,2990.852355034931
delivery_priority,T009,C,battery,C03,flight,1561.4261775174655,2990.852355034931
delivery_priority,T009,C,battery,C03,charging,2990.852355034931,4468.281647586715
delivery_priority,T010,A,aircraft,U01,flight,1312.470877312685,2915.0636132928576
delivery_priority,T010,A,battery,A05,flight,1312.470877312685,2915.0636132928576
delivery_priority,T010,A,battery,A05,charging,2915.0636132928576,3979.5307750095417
delivery_priority,T011,A,aircraft,U04,flight,1316.0142144169886,3327.0654377679843
delivery_priority,T011,A,battery,A06,flight,1316.0142144169886,3327.0654377679843
delivery_priority,T011,A,battery,A06,charging,3327.0654377679843,4673.647209186882
delivery_priority,T012,C,aircraft,U07,flight,2404.597882910281,4519.679524188734
delivery_priority,T012,C,battery,C04,flight,2404.597882910281,4519.679524188734
delivery_priority,T012,C,battery,C04,charging,4519.679524188734,7012.345241640402
delivery_priority,T013,B,aircraft,U06,flight,1859.7496914170222,4142.361841307587
delivery_priority,T013,B,battery,B03,flight,1859.7496914170222,4142.361841307587
delivery_priority,T013,B,battery,B03,charging,4142.361841307587,6081.37096886256
delivery_priority,T014,B,aircraft,U05,flight,1944.0244440219892,3773.5974365122993
delivery_priority,T014,B,battery,B04,flight,1944.0244440219892,3773.5974365122993
delivery_priority,T014,B,battery,B04,charging,3773.5974365122993,5441.655235487428
delivery_priority,T015,C,aircraft,U08,flight,3231.8737791612284,5667.683300018876
delivery_priority,T015,C,battery,C02,flight,3231.8737791612284,5667.683300018876
delivery_priority,T015,C,battery,C02,charging,5667.683300018876,8166.03757999339
delivery_priority,T016,B,aircraft,U05,flight,3773.5974365122993,5731.638707999295
delivery_priority,T016,B,battery,B02,flight,3773.5974365122993,5731.638707999295
delivery_priority,T016,B,battery,B02,charging,5731.638707999295,7690.884335484885
delivery_priority,T017,A,aircraft,U02,flight,2178.7887122874713,4362.748113260456
delivery_priority,T017,A,battery,A01,flight,2178.7887122874713,4362.748113260456
delivery_priority,T017,A,battery,A01,charging,4362.748113260456,5757.912844978971
delivery_priority,T018,A,aircraft,U03,flight,2194.736329391266,4457.013322219511
delivery_priority,T018,A,battery,A04,flight,2194.736329391266,4457.013322219511
delivery_priority,T018,A,battery,A04,charging,4457.013322219511,5818.241210426836
delivery_priority,T019,B,aircraft,U06,flight,4142.361841307587,6609.549884781674
delivery_priority,T019,B,battery,B01,flight,4142.361841307587,6609.549884781674
delivery_priority,T019,B,battery,B01,charging,6609.549884781674,8640.446978508837
delivery_priority,T020,C,aircraft,U07,flight,4519.679524188734,6692.8635891565755
delivery_priority,T020,C,battery,C01,flight,4519.679524188734,6692.8635891565755
delivery_priority,T020,C,battery,C01,charging,6692.8635891565755,9026.614641677856
delivery_priority,T021,B,aircraft,U05,flight,5731.638707999295,7629.679979486289
delivery_priority,T021,B,battery,B04,flight,5731.638707999295,7629.679979486289
delivery_priority,T021,B,battery,B04,charging,7629.679979486289,9496.8621314039
delivery_priority,T022,A,aircraft,U01,flight,2915.0636132928576,4457.656349273029
delivery_priority,T022,A,battery,A03,flight,2915.0636132928576,4457.656349273029
delivery_priority,T022,A,battery,A03,charging,4457.656349273029,5497.138418545352
delivery_priority,T023,C,aircraft,U08,flight,5667.683300018876,7415.7279406546895
delivery_priority,T023,C,battery,C03,flight,5667.683300018876,7415.7279406546895
delivery_priority,T023,C,battery,C03,charging,7415.7279406546895,9278.751237193252
delivery_priority,T024,A,aircraft,U04,flight,3327.0654377679843,4550.600651302465
delivery_priority,T024,A,battery,A02,flight,3327.0654377679843,4550.600651302465
delivery_priority,T024,A,battery,A02,charging,4550.600651302465,5384.408958180655
delivery_priority,T025,A,aircraft,U02,flight,4362.748113260456,5994.2825994994055
delivery_priority,T025,A,battery,A05,flight,4362.748113260456,5994.2825994994055
delivery_priority,T025,A,battery,A05,charging,5994.2825994994055,7119.574702189868
energy_guarded,T001,C,aircraft,U07,flight,0.0,2115.081641278453
energy_guarded,T001,C,battery,C01,flight,0.0,2115.081641278453
energy_guarded,T001,C,battery,C01,charging,2115.081641278453,4607.747358730121
energy_guarded,T002,C,aircraft,U08,flight,0.0,1495.4261775174655
energy_guarded,T002,C,battery,C02,flight,0.0,1495.4261775174655
energy_guarded,T002,C,battery,C02,charging,1495.4261775174655,3052.6165531873967
energy_guarded,T003,B,aircraft,U05,flight,0.0,1944.0244440219892
energy_guarded,T003,B,battery,B01,flight,0.0,1944.0244440219892
energy_guarded,T003,B,battery,B01,charging,1944.0244440219892,3808.1313217671122
energy_guarded,T004,C,aircraft,U08,flight,1495.4261775174655,3384.6505836679726
energy_guarded,T004,C,battery,C03,flight,1495.4261775174655,3384.6505836679726
energy_guarded,T004,C,battery,C03,charging,3384.6505836679726,5139.724388207724
energy_guarded,T005,B,aircraft,U06,flight,0.0,1210.3573074816584
energy_guarded,T005,B,battery,B02,flight,0.0,1210.3573074816584
energy_guarded,T005,B,battery,B02,charging,1210.3573074816584,2343.7606215473797
energy_guarded,T006,B,aircraft,U06,flight,1210.3573074816584,3054.8961976372257
energy_guarded,T006,B,battery,B03,flight,1210.3573074816584,3054.8961976372257
energy_guarded,T006,B,battery,B03,charging,3054.8961976372257,4643.558160716608
energy_guarded,T007,A,aircraft,U01,flight,0.0,1653.8524691732741
energy_guarded,T007,A,battery,A01,flight,0.0,1653.8524691732741
energy_guarded,T007,A,battery,A01,charging,1653.8524691732741,2717.9194882703496
energy_guarded,T008,A,aircraft,U02,flight,0.0,1316.0142144169886
energy_guarded,T008,A,battery,A02,flight,0.0,1316.0142144169886
energy_guarded,T008,A,battery,A02,charging,1316.0142144169886,2194.736329391266
energy_guarded,T009,C,aircraft,U07,flight,2115.081641278453,3548.116724156445
energy_guarded,T009,C,battery,C04,flight,2115.081641278453,3548.116724156445
energy_guarded,T009,C,battery,C04,charging,3548.116724156445,5011.357484946834
energy_guarded,T010,A,aircraft,U03,flight,0.0,1602.5927359801724
energy_guarded,T010,A,battery,A03,flight,0.0,1602.5927359801724
energy_guarded,T010,A,battery,A03,charging,1602.5927359801724,2667.0598976968568
energy_guarded,T011,C,aircraft,U08,flight,3384.6505836679726,4880.076761185438
energy_guarded,T011,C,battery,C02,flight,3384.6505836679726,4880.076761185438
energy_guarded,T011,C,battery,C02,charging,4880.076761185438,6423.287679205691
energy_guarded,T012,B,aircraft,U05,flight,1944.0244440219892,3977.3373453358945
energy_guarded,T012,B,battery,B04,flight,1944.0244440219892,3977.3373453358945
energy_guarded,T012,B,battery,B04,charging,3977.3373453358945,5808.460645843568
energy_guarded,T013,C,aircraft,U07,flight,4607.747358730121,6801.8749196865165
energy_guarded,T013,C,battery,C01,flight,4607.747358730121,6801.8749196865165
energy_guarded,T013,C,battery,C01,charging,6801.8749196865165,9220.598064991244
energy_guarded,T014,B,aircraft,U06,flight,3054.8961976372257,4884.4691901275355
energy_guarded,T014,B,battery,B02,flight,3054.8961976372257,4884.4691901275355
energy_guarded,T014,B,battery,B02,charging,4884.4691901275355,6552.526989102665
energy_guarded,T015,A,aircraft,U04,flight,0.0,2262.2769928282455
energy_guarded,T015,A,battery,A04,flight,0.0,2262.2769928282455
energy_guarded,T015,A,battery,A04,charging,2262.2769928282455,3623.504881035571
energy_guarded,T016,A,aircraft,U02,flight,1316.0142144169886,3499.9736153899735
energy_guarded,T016,A,battery,A05,flight,1316.0142144169886,3499.9736153899735
energy_guarded,T016,A,battery,A05,charging,3499.9736153899735,4895.138347108489
energy_guarded,T017,B,aircraft,U05,flight,3977.3373453358945,5934.091941842073
energy_guarded,T017,B,battery,B01,flight,3977.3373453358945,5934.091941842073
energy_guarded,T017,B,battery,B01,charging,5934.091941842073,7684.395320881378
energy_guarded,T018,C,aircraft,U08,flight,5011.357484946834,7597.146762382647
energy_guarded,T018,C,battery,C04,flight,5011.357484946834,7597.146762382647
energy_guarded,T018,C,battery,C04,charging,7597.146762382647,10078.678915471408
energy_guarded,T019,C,aircraft,U07,flight,6801.8749196865165,9237.684440544164
energy_guarded,T019,C,battery,C02,flight,6801.8749196865165,9237.684440544164
energy_guarded,T019,C,battery,C02,charging,9237.684440544164,11736.038720518678
energy_guarded,T020,A,aircraft,U03,flight,1602.5927359801724,3196.4452051534463
energy_guarded,T020,A,battery,A06,flight,1602.5927359801724,3196.4452051534463
energy_guarded,T020,A,battery,A06,charging,3196.4452051534463,4235.429418885115
energy_guarded,T021,A,aircraft,U01,flight,2194.736329391266,3418.271542925747
energy_guarded,T021,A,battery,A02,flight,2194.736329391266,3418.271542925747
energy_guarded,T021,A,battery,A02,charging,3418.271542925747,4252.079849803937
energy_guarded,T022,C,aircraft,U08,flight,7597.146762382647,9345.19140301846
energy_guarded,T022,C,battery,C03,flight,7597.146762382647,9345.19140301846
energy_guarded,T022,C,battery,C03,charging,9345.19140301846,11208.214699557022
energy_guarded,T023,A,aircraft,U04,flight,2667.0598976968568,3830.595111231338
energy_guarded,T023,A,battery,A03,flight,2667.0598976968568,3830.595111231338
energy_guarded,T023,A,battery,A03,charging,3830.595111231338,4649.7523514469385
energy_guarded_timely,T001,B,aircraft,U05,flight,0.0,1434.5713591276817
energy_guarded_timely,T001,B,battery,B01,flight,0.0,1434.5713591276817
energy_guarded_timely,T001,B,battery,B01,charging,1434.5713591276817,2757.2318973779793
energy_guarded_timely,T002,C,aircraft,U07,flight,0.0,1495.4261775174655
energy_guarded_timely,T002,C,battery,C01,flight,0.0,1495.4261775174655
energy_guarded_timely,T002,C,battery,C01,charging,1495.4261775174655,3052.6165531873967
energy_guarded_timely,T003,B,aircraft,U06,flight,0.0,1944.0244440219892
energy_guarded_timely,T003,B,battery,B02,flight,0.0,1944.0244440219892
energy_guarded_timely,T003,B,battery,B02,charging,1944.0244440219892,3808.1313217671122
energy_guarded_timely,T004,C,aircraft,U08,flight,0.0,1433.035082877992
energy_guarded_timely,T004,C,battery,C02,flight,0.0,1433.035082877992
energy_guarded_timely,T004,C,battery,C02,charging,1433.035082877992,2896.275843668381
energy_guarded_timely,T005,A,aircraft,U01,flight,0.0,1312.470877312685
energy_guarded_timely,T005,A,battery,A01,flight,0.0,1312.470877312685
energy_guarded_timely,T005,A,battery,A01,charging,1312.470877312685,2178.7887122874713
energy_guarded_timely,T006,C,aircraft,U08,flight,1433.035082877992,2928.4612603954574
energy_guarded_timely,T006,C,battery,C03,flight,1433.035082877992,2928.4612603954574
energy_guarded_timely,T006,C,battery,C03,charging,2928.4612603954574,4471.672178415711
energy_guarded_timely,T007,B,aircraft,U05,flight,1434.5713591276817,3279.1102492832492
energy_guarded_timely,T007,B,battery,B03,flight,1434.5713591276817,3279.1102492832492
energy_guarded_timely,T007,B,battery,B03,charging,3279.1102492832492,4867.772212362631
energy_guarded_timely,T008,C,aircraft,U07,flight,1495.4261775174655,3384.6505836679726
energy_guarded_timely,T008,C,battery,C04,flight,1495.4261775174655,3384.6505836679726
energy_guarded_timely,T008,C,battery,C04,charging,3384.6505836679726,5139.724388207724
energy_guarded_timely,T009,A,aircraft,U02,flight,0.0,1653.8524691732741
energy_guarded_timely,T009,A,battery,A02,flight,0.0,1653.8524691732741
energy_guarded_timely,T009,A,battery,A02,charging,1653.8524691732741,2717.9194882703496
energy_guarded_timely,T010,C,aircraft,U08,flight,2928.4612603954574,5043.542901673911
energy_guarded_timely,T010,C,battery,C02,flight,2928.4612603954574,5043.542901673911
energy_guarded_timely,T010,C,battery,C02,charging,5043.542901673911,7536.2086191255785
energy_guarded_timely,T011,A,aircraft,U03,flight,0.0,1316.0142144169886
energy_guarded_timely,T011,A,battery,A03,flight,0.0,1316.0142144169886
energy_guarded_timely,T011,A,battery,A03,charging,1316.0142144169886,2194.736329391266
energy_guarded_timely,T012,B,aircraft,U06,flight,1944.0244440219892,3977.3373453358945
energy_guarded_timely,T012,B,battery,B04,flight,1944.0244440219892,3977.3373453358945
energy_guarded_timely,T012,B,battery,B04,charging,3977.3373453358945,5808.460645843568
energy_guarded_timely,T013,C,aircraft,U07,flight,3384.6505836679726,5578.778144624368
energy_guarded_timely,T013,C,battery,C01,flight,3384.6505836679726,5578.778144624368
energy_guarded_timely,T013,C,battery,C01,charging,5578.778144624368,7997.501289929096
energy_guarded_timely,T014,C,aircraft,U08,flight,5043.542901673911,7629.332179109722
energy_guarded_timely,T014,C,battery,C03,flight,5043.542901673911,7629.332179109722
energy_guarded_timely,T014,C,battery,C03,charging,7629.332179109722,10110.864332198484
energy_guarded_timely,T015,C,aircraft,U07,flight,5578.778144624368,8014.587665482017
energy_guarded_timely,T015,C,battery,C04,flight,5578.778144624368,8014.587665482017
energy_guarded_timely,T015,C,battery,C04,charging,8014.587665482017,10512.94194545653
energy_guarded_timely,T016,B,aircraft,U05,flight,3279.1102492832492,5108.683241773559
energy_guarded_timely,T016,B,battery,B01,flight,3279.1102492832492,5108.683241773559
energy_guarded_timely,T016,B,battery,B01,charging,5108.683241773559,6776.741040748688
energy_guarded_timely,T017,A,aircraft,U04,flight,0.0,2262.2769928282455
energy_guarded_timely,T017,A,battery,A04,flight,0.0,2262.2769928282455
energy_guarded_timely,T017,A,battery,A04,charging,2262.2769928282455,3623.504881035571
energy_guarded_timely,T018,A,aircraft,U01,flight,1312.470877312685,3496.43027828567
energy_guarded_timely,T018,A,battery,A05,flight,1312.470877312685,3496.43027828567
energy_guarded_timely,T018,A,battery,A05,charging,3496.43027828567,4891.5950100041855
energy_guarded_timely,T019,B,aircraft,U06,flight,3977.3373453358945,5934.091941842073
energy_guarded_timely,T019,B,battery,B02,flight,3977.3373453358945,5934.091941842073
energy_guarded_timely,T019,B,battery,B02,charging,5934.091941842073,7684.395320881378
energy_guarded_timely,T020,A,aircraft,U03,flight,1316.0142144169886,2918.606950397161
energy_guarded_timely,T020,A,battery,A06,flight,1316.0142144169886,2918.606950397161
energy_guarded_timely,T020,A,battery,A06,charging,2918.606950397161,3983.0741121138453
energy_guarded_timely,T021,A,aircraft,U02,flight,2178.7887122874713,3402.323925821952
energy_guarded_timely,T021,A,battery,A01,flight,2178.7887122874713,3402.323925821952
energy_guarded_timely,T021,A,battery,A01,charging,3402.323925821952,4236.132232700142
energy_guarded_timely,T022,C,aircraft,U08,flight,7629.332179109722,9377.376819745536
energy_guarded_timely,T022,C,battery,C02,flight,7629.332179109722,9377.376819745536
energy_guarded_timely,T022,C,battery,C02,charging,9377.376819745536,11240.400116284098
energy_guarded_timely,T023,A,aircraft,U04,flight,2262.2769928282455,3425.812206362726
energy_guarded_timely,T023,A,battery,A03,flight,2262.2769928282455,3425.812206362726
energy_guarded_timely,T023,A,battery,A03,charging,3425.812206362726,4244.969446578327
alns_zero_delay_efficient,T001,C,aircraft,U07,flight,0.0,2115.081641278453
alns_zero_delay_efficient,T001,C,battery,C01,flight,0.0,2115.081641278453
alns_zero_delay_efficient,T001,C,battery,C01,charging,2115.081641278453,4607.747358730121
alns_zero_delay_efficient,T002,B,aircraft,U05,flight,0.0,1914.349578812606
alns_zero_delay_efficient,T002,B,battery,B01,flight,0.0,1914.349578812606
alns_zero_delay_efficient,T002,B,battery,B01,charging,1914.349578812606,3595.673759185719
alns_zero_delay_efficient,T003,C,aircraft,U08,flight,0.0,1495.4261775174655
alns_zero_delay_efficient,T003,C,battery,C02,flight,0.0,1495.4261775174655
alns_zero_delay_efficient,T003,C,battery,C02,charging,1495.4261775174655,3038.637095537719
alns_zero_delay_efficient,T004,B,aircraft,U06,flight,0.0,1561.3142478660018
alns_zero_delay_efficient,T004,B,battery,B02,flight,0.0,1561.3142478660018
alns_zero_delay_efficient,T004,B,battery,B02,charging,1561.3142478660018,2918.760173881138
alns_zero_delay_efficient,T005,A,aircraft,U01,flight,0.0,1312.470877312685
alns_zero_delay_efficient,T005,A,battery,A01,flight,0.0,1312.470877312685
alns_zero_delay_efficient,T005,A,battery,A01,charging,1312.470877312685,2178.7887122874713
alns_zero_delay_efficient,T006,C,aircraft,U08,flight,1495.4261775174655,3900.0240604277465
alns_zero_delay_efficient,T006,C,battery,C03,flight,1495.4261775174655,3900.0240604277465
alns_zero_delay_efficient,T006,C,battery,C03,charging,3900.0240604277465,5894.098366966284
alns_zero_delay_efficient,T007,A,aircraft,U02,flight,0.0,2281.4599588363917
alns_zero_delay_efficient,T007,A,battery,A02,flight,0.0,2281.4599588363917
alns_zero_delay_efficient,T007,A,battery,A02,charging,2281.4599588363917,3649.403580614774
alns_zero_delay_efficient,T008,A,aircraft,U03,flight,0.0,1316.0142144169886
alns_zero_delay_efficient,T008,A,battery,A03,flight,0.0,1316.0142144169886
alns_zero_delay_efficient,T008,A,battery,A03,charging,1316.0142144169886,2194.736329391266
alns_zero_delay_efficient,T009,C,aircraft,U07,flight,2115.081641278453,3610.5078187959184
alns_zero_delay_efficient,T009,C,battery,C04,flight,2115.081641278453,3610.5078187959184
alns_zero_delay_efficient,T009,C,battery,C04,charging,3610.5078187959184,5167.698194465849
alns_zero_delay_efficient,T010,B,aircraft,U06,flight,1561.3142478660018,3668.595220887829
alns_zero_delay_efficient,T010,B,battery,B03,flight,1561.3142478660018,3668.595220887829
alns_zero_delay_efficient,T010,B,battery,B03,charging,3668.595220887829,5341.77777831251
alns_zero_delay_efficient,T011,A,aircraft,U04,flight,0.0,2130.6390887595826
alns_zero_delay_efficient,T011,A,battery,A04,flight,0.0,2130.6390887595826
alns_zero_delay_efficient,T011,A,battery,A04,charging,2130.6390887595826,3488.424083728015
alns_zero_delay_efficient,T012,B,aircraft,U05,flight,1914.349578812606,4021.630551834433
alns_zero_delay_efficient,T012,B,battery,B04,flight,1914.349578812606,4021.630551834433
alns_zero_delay_efficient,T012,B,battery,B04,charging,4021.630551834433,5670.129045329275
alns_zero_delay_efficient,T013,A,aircraft,U01,flight,1312.470877312685,3496.43027828567
alns_zero_delay_efficient,T013,A,battery,A05,flight,1312.470877312685,3496.43027828567
alns_zero_delay_efficient,T013,A,battery,A05,charging,3496.43027828567,4891.5950100041855
alns_zero_delay_efficient,T014,A,aircraft,U03,flight,1316.0142144169886,3659.86128912896
alns_zero_delay_efficient,T014,A,battery,A06,flight,1316.0142144169886,3659.86128912896
alns_zero_delay_efficient,T014,A,battery,A06,charging,3659.86128912896,5039.780612440765
alns_zero_delay_efficient,T015,B,aircraft,U06,flight,3668.595220887829,5626.636492374824
alns_zero_delay_efficient,T015,B,battery,B01,flight,3668.595220887829,5626.636492374824
alns_zero_delay_efficient,T015,B,battery,B01,charging,5626.636492374824,7585.882119860415
alns_zero_delay_efficient,T016,C,aircraft,U07,flight,3610.5078187959184,5783.6918837637595
alns_zero_delay_efficient,T016,C,battery,C02,flight,3610.5078187959184,5783.6918837637595
alns_zero_delay_efficient,T016,C,battery,C02,charging,5783.6918837637595,8117.442936285039
alns_zero_delay_efficient,T017,C,aircraft,U08,flight,4607.747358730121,7043.55687958777
alns_zero_delay_efficient,T017,C,battery,C01,flight,4607.747358730121,7043.55687958777
alns_zero_delay_efficient,T017,C,battery,C01,charging,7043.55687958777,9541.911159562284
alns_zero_delay_efficient,T018,A,aircraft,U04,flight,2178.7887122874713,4726.829609396393
alns_zero_delay_efficient,T018,A,battery,A01,flight,2178.7887122874713,4726.829609396393
alns_zero_delay_efficient,T018,A,battery,A01,charging,4726.829609396393,6119.482359804604
alns_zero_delay_efficient,T019,B,aircraft,U05,flight,4021.630551834433,6304.762658518966
alns_zero_delay_efficient,T019,B,battery,B02,flight,4021.630551834433,6304.762658518966
alns_zero_delay_efficient,T019,B,battery,B02,charging,6304.762658518966,8309.692792575179
alns_zero_delay_efficient,T020,B,aircraft,U06,flight,5626.636492374824,7524.677763861819
alns_zero_delay_efficient,T020,B,battery,B03,flight,5626.636492374824,7524.677763861819
alns_zero_delay_efficient,T020,B,battery,B03,charging,7524.677763861819,9391.859915779429
alns_zero_delay_efficient,T021,A,aircraft,U02,flight,2281.4599588363917,3977.218063504856
alns_zero_delay_efficient,T021,A,battery,A03,flight,2281.4599588363917,3977.218063504856
alns_zero_delay_efficient,T021,A,battery,A03,charging,3977.218063504856,5092.412387984555
alns_zero_delay_efficient,T022,C,aircraft,U07,flight,5783.6918837637595,7531.736524399572
alns_zero_delay_efficient,T022,C,battery,C04,flight,5783.6918837637595,7531.736524399572
alns_zero_delay_efficient,T022,C,battery,C04,charging,7531.736524399572,9394.759820938134
alns_zero_delay_efficient,T023,A,aircraft,U01,flight,3496.43027828567,5187.964764524619
alns_zero_delay_efficient,T023,A,battery,A04,flight,3496.43027828567,5187.964764524619
alns_zero_delay_efficient,T023,A,battery,A04,charging,5187.964764524619,6363.459271204074
alns_zero_delay_efficient,T024,A,aircraft,U03,flight,3659.86128912896,4883.3965026634405
alns_zero_delay_efficient,T024,A,battery,A02,flight,3659.86128912896,4883.3965026634405
alns_zero_delay_efficient,T024,A,battery,A02,charging,4883.3965026634405,5717.20480954163
alns_zero_delay_efficient,T025,A,aircraft,U02,flight,4891.5950100041855,6801.804856981005
alns_zero_delay_efficient,T025,A,battery,A05,flight,4891.5950100041855,6801.804856981005
alns_zero_delay_efficient,T025,A,battery,A05,charging,6801.804856981005,7984.869775288056
